year,ranking,title,artist
2004,1,Yeah!,Usher featuring Lil Jon and Ludacris
2004,2,Burn,Usher
2004,3,If I Ain't Got You,Alicia Keys
2004,4,This Love,Maroon 5
2004,5,The Way You Move,OutKast featuring Sleepy Brown
2004,6,The Reason,Hoobastank
2004,7,I Don't Wanna Know,Mario Winans featuring Enya and P. Diddy
2004,8,Hey Ya!,OutKast
2004,9,Goodies,Ciara featuring Petey Pablo
2004,10,Lean Back,Terror Squad featuring Fat Joe and Remy Ma
2004,11,Tipsy,J-Kwon
2004,12,Confessions Part II,Usher
2004,13,Slow Motion,Juvenile featuring Soulja Slim
2004,14,Freek-a-Leek,Petey Pablo
2004,15,Here Without You,3 Doors Down
2004,16,Slow Jamz,Twista featuring Kanye West and Jamie Foxx
2004,17,Someday,Nickelback
2004,18,Naughty Girl,Beyoncé
2004,19,My Immortal,Evanescence
2004,20,Sunshine,Lil' Flip featuring Lea
2004,21,Dirt off Your Shoulder,Jay-Z
2004,22,Move Ya Body,Nina Sky featuring Jabba
2004,23,Dip It Low,Christina Milian
2004,24,My Boo,Usher and Alicia Keys
2004,25,One Call Away,Chingy featuring J-Weav
2004,26,"Me, Myself and I",Beyoncé
2004,27,Turn Me On,Kevin Lyttle featuring Spragga Benz
2004,28,The First Cut Is the Deepest,Sheryl Crow
2004,29,You Don't Know My Name,Alicia Keys
2004,30,My Place,Nelly featuring Jaheim
2004,31,Overnight Celebrity,Twista
2004,32,Hotel,Cassidy featuring R. Kelly
2004,33,Numb,Linkin Park
2004,34,Diary,Alicia Keys featuring Tony! Toni! Toné!
2004,35,She Will Be Loved,Maroon 5
2004,36,White Flag,Dido
2004,37,Heaven,Los Lonely Boys
2004,38,It's My Life,No Doubt
2004,39,Pieces of Me,Ashlee Simpson
2004,40,Leave (Get Out),JoJo
2004,41,Milkshake,Kelis
2004,42,Splash Waterfalls,Ludacris
2004,43,Jesus Walks,Kanye West
2004,44,Locked Up,Akon featuring Styles P
2004,45,Stand Up,Ludacris featuring Shawnna
2004,46,Suga Suga,Baby Bash featuring Frankie J
2004,47,All Falls Down,Kanye West featuring Syleena Johnson
2004,48,Toxic,Britney Spears
2004,49,Salt Shaker,Ying Yang Twins featuring Lil Jon & the East Side Boyz
2004,50,With You,Jessica Simpson
2004,51,Meant to Live,Switchfoot
2004,52,I Like That,"Houston featuring Chingy, Nate Dogg and I-20"
2004,53,Sorry 2004,Ruben Studdard
2004,54,My Happy Ending,Avril Lavigne
2004,55,On Fire,Lloyd Banks
2004,56,Roses,OutKast
2004,57,Walked Outta Heaven,Jagged Edge
2004,58,Lose My Breath,Destiny's Child
2004,59,My Band,D12
2004,60,I'm Still in Love with You,Sean Paul featuring Sasha
2004,61,Through the Wire,Kanye West
2004,62,Why?,Jadakiss featuring Anthony Hamilton
2004,63,Fuck It (I Don't Want You Back),Eamon
2004,64,Read Your Mind,Avant
2004,65,Game Over (Flip),Lil' Flip
2004,66,One Thing,Finger Eleven
2004,67,Headsprung,LL Cool J
2004,68,Damn!,YoungBloodZ featuring Lil Jon
2004,69,Baby Boy,Beyoncé featuring Sean Paul
2004,70,Get Low,Lil Jon & the East Side Boyz featuring Ying Yang Twins
2004,71,Drop It Like It's Hot,Snoop Dogg featuring Pharrell
2004,72,U Should've Known Better,Monica
2004,73,On the Way Down,Ryan Cabrera
2004,74,Breakaway,Kelly Clarkson
2004,75,Why Don't You & I,Santana featuring Alex Band or Chad Kroeger
2004,76,Are You Gonna Be My Girl,Jet
2004,77,100 Years,Five for Fighting
2004,78,Step in the Name of Love,R. Kelly
2004,79,Breaking the Habit,Linkin Park
2004,80,Gigolo,Nick Cannon featuring R. Kelly
2004,81,Live Like You Were Dying,Tim McGraw
2004,82,Remember When,Alan Jackson
2004,83,Everytime,Britney Spears
2004,84,Southside,Lloyd featuring Ashanti
2004,85,Dude,Beenie Man featuring Ms. Thing
2004,86,Wanna Get to Know You,G-Unit featuring Joe
2004,87,Holidae In,Chingy featuring Ludacris and Snoop Dogg
2004,88,Let's Get It Started,The Black Eyed Peas
2004,89,When the Sun Goes Down,Kenny Chesney and Uncle Kracker
2004,90,American Soldier,Toby Keith
2004,91,Change Clothes,Jay-Z
2004,92,Don't Tell Me,Avril Lavigne
2004,93,You'll Think of Me,Keith Urban
2004,94,Happy People,R. Kelly
2004,95,Hey Mama,The Black Eyed Peas
2004,96,Over and Over,Nelly featuring Tim McGraw
2004,97,Redneck Woman,Gretchen Wilson
2004,98,Just Lose It,Eminem
2004,99,Letters from Home,John Michael Montgomery
2004,100,I Go Back,Kenny Chesney
2005,1,We Belong Together,Mariah Carey
2005,2,Hollaback Girl,Gwen Stefani
2005,3,Let Me Love You,Mario
2005,4,Since U Been Gone,Kelly Clarkson
2005,5,"1, 2 Step",Ciara featuring Missy Elliott
2005,6,Gold Digger,Kanye West featuring Jamie Foxx
2005,7,Boulevard of Broken Dreams,Green Day
2005,8,Candy Shop,50 Cent featuring Olivia
2005,9,Don't Cha,The Pussycat Dolls featuring Busta Rhymes
2005,10,Behind These Hazel Eyes,Kelly Clarkson
2005,11,Disco Inferno,50 Cent
2005,12,You and Me,Lifehouse
2005,13,Don't Phunk with My Heart,The Black Eyed Peas
2005,14,Lose Control,Missy Elliott featuring Ciara and Fatman Scoop
2005,15,Shake It Off,Mariah Carey
2005,16,Mr. Brightside,The Killers
2005,17,Just a Lil Bit,50 Cent
2005,18,Pon de Replay,Rihanna
2005,19,How We Do,The Game featuring 50 Cent
2005,20,Beverly Hills,Weezer
2005,21,Oh,Ciara featuring Ludacris
2005,22,Lonely No More,Rob Thomas
2005,23,Drop It Like It's Hot,Snoop Dogg featuring Pharrell
2005,24,Hate It or Love It,The Game featuring 50 Cent
2005,25,Lovers & Friends,Lil Jon & the East Side Boyz featuring Usher and Ludacris
2005,26,Soldier,Destiny's Child featuring T.I. and Lil Wayne
2005,27,Breakaway,Kelly Clarkson
2005,28,Switch,Will Smith
2005,29,Let Me Hold You,Bow Wow featuring Omarion
2005,30,Like You,Bow Wow featuring Ciara
2005,31,Rich Girl,Gwen Stefani featuring Eve
2005,32,My Humps,The Black Eyed Peas
2005,33,Obsession (No Es Amor),Frankie J featuring Baby Bash
2005,34,Caught Up,Usher
2005,35,Listen to Your Heart,DHT featuring Edmee
2005,36,Scars,Papa Roach
2005,37,Feel Good Inc.,Gorillaz
2005,38,Let Me Go,3 Doors Down
2005,39,Holiday,Green Day
2005,40,"Sugar, We're Goin Down",Fall Out Boy
2005,41,Grind with Me,Pretty Ricky
2005,42,Run It!,Chris Brown featuring Juelz Santana
2005,43,Photograph,Nickelback
2005,44,Lonely,Akon
2005,45,Collide,Howie Day
2005,46,Wake Me Up When September Ends,Green Day
2005,47,Slow Down,Bobby Valentino
2005,48,Over and Over,Nelly featuring Tim McGraw
2005,49,Some Cut,Trillville featuring Cutty
2005,50,Get It Poppin',Fat Joe featuring Nelly
2005,51,Play,David Banner
2005,52,Soul Survivor,Young Jeezy featuring Akon
2005,53,Pimpin' All Over the World,Ludacris featuring Bobby Valentino
2005,54,My Boo,Usher and Alicia Keys
2005,55,Sugar (Gimme Some),"Trick Daddy featuring Ludacris, Lil' Kim and Cee Lo Green"
2005,56,Karma,Alicia Keys
2005,57,Speed of Sound,Coldplay
2005,58,I Don't Want to Be,Gavin DeGraw
2005,59,Mockingbird,Eminem
2005,60,La Tortura,Shakira featuring Alejandro Sanz
2005,61,She Will Be Loved,Maroon 5
2005,62,Baby I'm Back,Baby Bash featuring Akon
2005,63,Wait (The Whisper Song),Ying Yang Twins
2005,64,Incomplete,Backstreet Boys
2005,65,Bring Em Out,T.I.
2005,66,Cater 2 U,Destiny's Child
2005,67,1 Thing,Amerie
2005,68,Best of You,Foo Fighters
2005,69,It's Like That,Mariah Carey featuring Jermaine Dupri and Fatman Scoop
2005,70,Goin' Crazy,Natalie
2005,71,Inside Your Heaven,Carrie Underwood
2005,72,Because of You,Kelly Clarkson
2005,73,Truth Is,Fantasia
2005,74,Your Body,Pretty Ricky
2005,75,Beautiful Soul,Jesse McCartney
2005,76,Cool,Gwen Stefani
2005,77,Get Back,Ludacris
2005,78,Outta Control,50 Cent featuring Mobb Deep
2005,79,U Don't Know Me,T.I.
2005,80,These Words,Natasha Bedingfield
2005,81,Don't Lie,The Black Eyed Peas
2005,82,Get Right,Jennifer Lopez
2005,83,Daughters,John Mayer
2005,84,As Good as I Once Was,Toby Keith
2005,85,Girlfight,Brooke Valentine featuring Lil Jon and Big Boi
2005,86,Lose My Breath,Destiny's Child
2005,87,Ordinary People,John Legend
2005,88,We Be Burnin',Sean Paul
2005,89,Just the Girl,The Click Five
2005,90,True,Ryan Cabrera
2005,91,O,Omarion
2005,92,Back Then,Mike Jones
2005,93,Numb/Encore,Jay-Z and Linkin Park
2005,94,Wonderful,Ja Rule featuring R. Kelly and Ashanti
2005,95,I'm Sprung,T-Pain
2005,96,Chariot,Gavin DeGraw
2005,97,U Already Know,112 featuring Foxy Brown
2005,98,Mississippi Girl,Faith Hill
2005,99,Number One Spot,Ludacris
2005,100,Give Me That,Webbie featuring Bun B
2006,1,Bad Day,Daniel Powter
2006,2,Temperature,Sean Paul
2006,3,Promiscuous,Nelly Furtado featuring Timbaland
2006,4,You're Beautiful,James Blunt
2006,5,Hips Don't Lie,Shakira featuring Wyclef Jean
2006,6,Unwritten,Natasha Bedingfield
2006,7,Crazy,Gnarls Barkley
2006,8,Ridin',Chamillionaire featuring Krayzie Bone
2006,9,SexyBack,Justin Timberlake featuring Timbaland
2006,10,Check on It,Beyoncé featuring Slim Thug and Bun B
2006,11,Be Without You,Mary J. Blige
2006,12,Grillz,Nelly featuring Paul Wall and Ali & Gipp
2006,13,Over My Head (Cable Car),The Fray
2006,14,Me & U,Cassie
2006,15,Buttons,Pussycat Dolls featuring Snoop Dogg
2006,16,Run It!,Chris Brown featuring Juelz Santana
2006,17,So Sick,Ne-Yo
2006,18,It's Goin' Down,Yung Joc featuring Nitti
2006,19,SOS,Rihanna
2006,20,I Write Sins Not Tragedies,Panic! at the Disco
2006,21,Move Along,The All-American Rejects
2006,22,London Bridge,Fergie
2006,23,Dani California,Red Hot Chili Peppers
2006,24,Snap Yo Fingers,Lil Jon featuring E-40 and Sean Paul
2006,25,"Lean wit It, Rock wit It",Dem Franchize Boyz featuring Peanut and Charlay
2006,26,What Hurts the Most,Rascal Flatts
2006,27,How to Save a Life,The Fray
2006,28,Unfaithful,Rihanna
2006,29,Chasing Cars,Snow Patrol
2006,30,Lips of an Angel,Hinder
2006,31,Everytime We Touch,Cascada
2006,32,Ain't No Other Man,Christina Aguilera
2006,33,"Dance, Dance",Fall Out Boy
2006,34,Gold Digger,Kanye West featuring Jamie Foxx
2006,35,Money Maker,Ludacris featuring Pharrell
2006,36,Ms. New Booty,Bubba Sparxxx featuring Ying Yang Twins
2006,37,(When You Gonna) Give It Up to Me,Sean Paul featuring Keyshia Cole
2006,38,Photograph,Nickelback
2006,39,Because of You,Kelly Clarkson
2006,40,Stickwitu,Pussycat Dolls
2006,41,I'm 'n Luv (wit a Stripper),T-Pain featuring Mike Jones
2006,42,My Humps,The Black Eyed Peas
2006,43,Where'd You Go,Fort Minor featuring Holly Brook and Jonah Matranga
2006,44,Yo (Excuse Me Miss),Chris Brown
2006,45,Walk Away,Kelly Clarkson
2006,46,Laffy Taffy,D4L
2006,47,What You Know,T.I.
2006,48,Dirty Little Secret,The All-American Rejects
2006,49,Savin' Me,Nickelback
2006,50,Don't Forget About Us,Mariah Carey
2006,51,Sexy Love,Ne-Yo
2006,52,U and Dat,E-40 featuring T-Pain and Kandi Girl
2006,53,Far Away,Nickelback
2006,54,What's Left of Me,Nick Lachey
2006,55,So What,Field Mob featuring Ciara
2006,56,Do It to It,Cherish featuring Sean Paul of the YoungBloodZ
2006,57,Black Horse and the Cherry Tree,KT Tunstall
2006,58,There It Go (The Whistle Song),Juelz Santana
2006,59,Shoulder Lean,Young Dro featuring T.I.
2006,60,Unpredictable,Jamie Foxx featuring Ludacris
2006,61,My Love,Justin Timberlake featuring T.I.
2006,62,Shake That,Eminem featuring Nate Dogg
2006,63,Pullin' Me Back,Chingy featuring Tyrese
2006,64,Bossy,Kelis featuring Too Short
2006,65,Chain Hang Low,Jibbs
2006,66,Smack That,Akon featuring Eminem
2006,67,One Wish,Ray J
2006,68,"Sugar, We're Goin Down",Fall Out Boy
2006,69,Gimme That,Chris Brown featuring Lil Wayne
2006,70,I Know You See It,Yung Joc
2006,71,Who Says You Can't Go Home,Bon Jovi featuring Jennifer Nettles
2006,72,Too Little Too Late,JoJo
2006,73,Touch It,Busta Rhymes
2006,74,Rompe,Daddy Yankee
2006,75,Déjà Vu,Beyoncé featuring Jay-Z
2006,76,Life Is a Highway,Rascal Flatts
2006,77,Call Me When You're Sober,Evanescence
2006,78,"Jesus, Take the Wheel",Carrie Underwood
2006,79,Show Stopper,Danity Kane featuring Yung Joc
2006,80,Get Up,Ciara featuring Chamillionaire
2006,81,We Be Burnin',Sean Paul
2006,82,Hate Me,Blue October
2006,83,You and Me,Lifehouse
2006,84,Beep,Pussycat Dolls featuring will.i.am
2006,85,I Think They Like Me,"Dem Franchize Boyz featuring Jermaine Dupri, Da Brat and Bow Wow"
2006,86,Say Goodbye,Chris Brown
2006,87,Waiting on the World to Change,John Mayer
2006,88,Soul Survivor,Young Jeezy featuring Akon
2006,89,Pump It,The Black Eyed Peas
2006,90,When I'm Gone,Eminem
2006,91,Hung Up,Madonna
2006,92,Stay Fly,Three 6 Mafia featuring Young Buck and 8Ball & MJG
2006,93,Love,Keyshia Cole
2006,94,When You're Mad,Ne-Yo
2006,95,Why You Wanna,T.I.
2006,96,Stupid Girls,Pink
2006,97,Feel Good Inc.,Gorillaz
2006,98,I'm Sprung,T-Pain
2006,99,Do I Make You Proud,Taylor Hicks
2006,100,For You I Will (Confidence),Teddy Geiger
2007,1,Irreplaceable,Beyoncé
2007,2,Umbrella,Rihanna featuring Jay-Z
2007,3,The Sweet Escape,Gwen Stefani featuring Akon
2007,4,Big Girls Don't Cry,Fergie
2007,5,Buy U a Drank (Shawty Snappin'),T-Pain featuring Yung Joc
2007,6,Before He Cheats,Carrie Underwood
2007,7,Hey There Delilah,Plain White T's
2007,8,I Wanna Love You,Akon featuring Snoop Dogg
2007,9,Say It Right,Nelly Furtado
2007,10,Glamorous,Fergie featuring Ludacris
2007,11,Don't Matter,Akon
2007,12,Girlfriend,Avril Lavigne
2007,13,Makes Me Wonder,Maroon 5
2007,14,Party Like a Rockstar,Shop Boyz
2007,15,Smack That,Akon featuring Eminem
2007,16,This Is Why I'm Hot,Mims
2007,17,It's Not Over,Daughtry
2007,18,The Way I Are,Timbaland featuring Keri Hilson
2007,19,Fergalicious,Fergie featuring will.i.am
2007,20,Crank That (Soulja Boy),Soulja Boy Tell 'Em
2007,21,Give It to Me,Timbaland featuring Nelly Furtado and Justin Timberlake
2007,22,What Goes Around... Comes Around,Justin Timberlake
2007,23,Cupid's Chokehold,Gym Class Heroes featuring Patrick Stump
2007,24,How to Save a Life,The Fray
2007,25,Home,Daughtry
2007,26,My Love,Justin Timberlake featuring T.I.
2007,27,Stronger,Kanye West
2007,28,We Fly High,Jim Jones
2007,29,U + Ur Hand,Pink
2007,30,Walk It Out,Unk
2007,31,Beautiful Girls,Sean Kingston
2007,32,"This Ain't a Scene, It's an Arms Race",Fall Out Boy
2007,33,Bartender,T-Pain featuring Akon
2007,34,"Pop, Lock & Drop It",Huey
2007,35,Runaway Love,Ludacris featuring Mary J. Blige
2007,36,Rockstar,Nickelback
2007,37,Thnks fr th Mmrs,Fall Out Boy
2007,38,What I've Done,Linkin Park
2007,39,Summer Love,Justin Timberlake
2007,40,You,Lloyd featuring Lil Wayne
2007,41,Wait for You,Elliott Yamin
2007,42,Last Night,Diddy featuring Keyshia Cole
2007,43,Make It Rain,Fat Joe featuring Lil Wayne
2007,44,Make Me Better,Fabolous featuring Ne-Yo
2007,45,Ice Box,Omarion
2007,46,Lips of an Angel,Hinder
2007,47,Waiting on the World to Change,John Mayer
2007,48,Lost Without U,Robin Thicke
2007,49,I'm a Flirt,R. Kelly featuring T.I. and T-Pain
2007,50,If Everyone Cared,Nickelback
2007,51,Get It Shawty,Lloyd
2007,52,Face Down,The Red Jumpsuit Apparatus
2007,53,The Way I Live,Baby Boy da Prince
2007,54,Shortie Like Mine,Bow Wow featuring Chris Brown and Johntá Austin
2007,55,It Ends Tonight,The All-American Rejects
2007,56,A Bay Bay,Hurricane Chris
2007,57,Because of You,Ne-Yo
2007,58,I Tried,Bone Thugs-n-Harmony featuring Akon
2007,59,Welcome To The Black Parade,My Chemical Romance
2007,60,Shawty,Plies featuring T-Pain
2007,61,Chasing Cars,Snow Patrol
2007,62,Beautiful Liar,Beyoncé and Shakira
2007,63,SexyBack,Justin Timberlake featuring Timbaland
2007,64,Keep Holding On,Avril Lavigne
2007,65,Let It Go,Keyshia Cole featuring Missy Elliott and Lil' Kim
2007,66,Apologize,OneRepublic
2007,67,Bubbly,Colbie Caillat
2007,68,Like a Boy,Ciara
2007,69,Who Knew,Pink
2007,70,Never Again,Kelly Clarkson
2007,71,Promise,Ciara
2007,72,Bed,J. Holiday
2007,73,Throw Some D's,Rich Boy featuring Polow da Don
2007,74,Rehab,Amy Winehouse
2007,75,Big Shit Poppin' (Do It),T.I.
2007,76,No One,Alicia Keys
2007,77,The Great Escape,Boys Like Girls
2007,78,2 Step,Unk
2007,79,Walk Away (Remember Me),Paula DeAnda featuring The D.E.Y.
2007,80,Go Getta,Young Jeezy featuring R. Kelly
2007,81,Here (In Your Arms),Hellogoodbye
2007,82,On the Hotline,Pretty Ricky
2007,83,Wind It Up,Gwen Stefani
2007,84,Cyclone,Baby Bash featuring T-Pain
2007,85,Break It Off,Rihanna featuring Sean Paul
2007,86,First Time,Lifehouse
2007,87,Ayo Technology,50 Cent featuring Justin Timberlake and Timbaland
2007,88,Outta My System,Bow Wow featuring T-Pain and Johntá Austin
2007,89,Teardrops on My Guitar,Taylor Swift
2007,90,Shut Up and Drive,Rihanna
2007,91,Snow (Hey Oh),Red Hot Chili Peppers
2007,92,Money Maker,Ludacris featuring Pharrell
2007,93,Kiss Kiss,Chris Brown featuring T-Pain
2007,94,Far Away,Nickelback
2007,95,Rock Yo Hips,Crime Mob and Lil' Scrappy
2007,96,LoveStoned,Justin Timberlake
2007,97,Better than Me,Hinder
2007,98,Paralyzer,Finger Eleven
2007,99,That's That,Snoop Dogg featuring R. Kelly
2007,100,Same Girl,R. Kelly featuring Usher
2008,1,Low,Flo Rida featuring T-Pain
2008,2,Bleeding Love,Leona Lewis
2008,3,No One,Alicia Keys
2008,4,Lollipop,Lil Wayne featuring Static Major
2008,5,Apologize,Timbaland featuring OneRepublic
2008,6,No Air,Jordin Sparks and Chris Brown
2008,7,Love Song,Sara Bareilles
2008,8,Love in This Club,Usher featuring Young Jeezy
2008,9,With You,Chris Brown
2008,11,Sexy Can I,Ray J featuring Yung Berg
2008,12,Take a Bow,Rihanna
2008,13,Viva la Vida,Coldplay
2008,14,I Kissed a Girl,Katy Perry
2008,15,Whatever You Like,T.I.
2008,16,Disturbia,Rihanna
2008,18,Pocketful of Sunshine,Natasha Bedingfield
2008,19,Kiss Kiss,Chris Brown featuring T-Pain
2008,20,Closer,Ne-Yo
2008,21,Bubbly,Colbie Caillat
2008,22,Touch My Body,Mariah Carey
2008,23,4 Minutes,Madonna featuring Justin Timberlake and Timbaland
2008,24,So What,Pink
2008,25,Paralyzer,Finger Eleven
2008,26,Clumsy,Fergie
2008,27,I'm Yours,Jason Mraz
2008,28,Leavin',Jesse McCartney
2008,29,Dangerous,Kardinal Offishall featuring Akon
2008,30,Tattoo,Jordin Sparks
2008,31,See You Again,Miley Cyrus
2008,32,Shake It,Metro Station
2008,33,Stop and Stare,OneRepublic
2008,34,Take You There,Sean Kingston
2008,35,Paper Planes,M.I.A.
2008,36,Hot n Cold,Katy Perry
2008,37,Live Your Life,T.I. featuring Rihanna
2008,38,Bust It Baby (Part 2),Plies featuring Ne-Yo
2008,39,American Boy,Estelle featuring Kanye West
2008,40,Got Money,Lil Wayne featuring T-Pain
2008,41,Our Song,Taylor Swift
2008,42,Damaged,Danity Kane
2008,43,A Milli,Lil Wayne
2008,44,Sorry,Buckcherry
2008,45,Independent,Webbie featuring Lil Boosie and Lil Phat
2008,46,Can't Believe It,T-Pain featuring Lil Wayne
2008,47,Like You'll Never See Me Again,Alicia Keys
2008,48,Teardrops on My Guitar,Taylor Swift
2008,49,When I Grow Up,Pussycat Dolls
2008,50,Sexual Eruption,Snoop Dogg
2008,51,What You Got,Colby O'Donis featuring Akon
2008,52,It's Not My Time,3 Doors Down
2008,53,Better in Time,Leona Lewis
2008,54,Crank That (Soulja Boy),Soulja Boy Tell 'Em
2008,55,Shadow of the Day,Linkin Park
2008,56,Sweetest Girl (Dollar Bill),"Wyclef Jean featuring Akon, Lil Wayne and Niia"
2008,57,Miss Independent,Ne-Yo
2008,58,Fall for You,Secondhand Serenade
2008,59,In the Ayer,Flo Rida featuring will.i.am
2008,60,Say,John Mayer
2008,61,One Step at a Time,Jordin Sparks
2008,62,Hate That I Love You,Rihanna featuring Ne-Yo
2008,63,Superstar,Lupe Fiasco featuring Matthew Santos
2008,64,Suffocate,J. Holiday
2008,65,Let It Rock,Kevin Rudolf featuring Lil Wayne
2008,66,Get Like Me,David Banner featuring Chris Brown and Yung Joc
2008,67,Realize,Colbie Caillat
2008,68,Put On,Young Jeezy featuring Kanye West
2008,69,The Time of My Life,David Cook
2008,70,Lolli Lolli (Pop That Body),Three 6 Mafia
2008,71,Cyclone,Baby Bash featuring T-Pain
2008,72,Love Like This,Natasha Bedingfield featuring Sean Kingston
2008,73,Burnin' Up,Jonas Brothers
2008,74,Love Lockdown,Kanye West
2008,75,I Luv Your Girl,The-Dream
2008,76,Crush,David Archuleta
2008,77,Hypnotized,Plies featuring Akon
2008,78,Big Girls Don't Cry,Fergie
2008,79,Good Life,Kanye West featuring T-Pain
2008,80,Womanizer,Britney Spears
2008,81,Love Story,Taylor Swift
2008,82,Just Fine,Mary J. Blige
2008,83,Piece of Me,Britney Spears
2008,84,The Boss,Rick Ross featuring T-Pain
2008,85,All Summer Long,Kid Rock
2008,86,Can't Help but Wait,Trey Songz
2008,87,In Love with a Girl,Gavin DeGraw
2008,88,My Life,The Game featuring Lil Wayne
2008,89,I Remember,Keyshia Cole
2008,90,Flashing Lights,Kanye West featuring Dwele
2008,91,Mrs. Officer,Lil Wayne featuring Bobby Valentino and Kidd Kidd
2008,92,7 Things,Miley Cyrus
2008,93,You're Gonna Miss This,Trace Adkins
2008,94,Love Remains the Same,Gavin Rossdale
2008,95,Feels Like Tonight,Daughtry
2008,96,The Way I Are,Timbaland featuring Keri Hilson
2008,97,Addicted,Saving Abel
2008,98,Into the Night,Santana featuring Chad Kroeger
2008,99,Heaven Sent,Keyshia Cole
2008,100,She Got It,2 Pistols featuring T-Pain and Tay Dizm
2009,1,Boom Boom Pow,The Black Eyed Peas
2009,2,Poker Face,Lady Gaga
2009,3,Just Dance,Lady Gaga featuring Colby O'Donis
2009,4,I Gotta Feeling,The Black Eyed Peas
2009,5,Love Story,Taylor Swift
2009,6,Right Round,Flo Rida
2009,7,I'm Yours,Jason Mraz
2009,8,Single Ladies (Put a Ring on It),Beyoncé
2009,9,Heartless,Kanye West
2009,10,Gives You Hell,The All-American Rejects
2009,11,You Belong with Me,Taylor Swift
2009,12,Dead and Gone,T.I. featuring Justin Timberlake
2009,13,You Found Me,The Fray
2009,14,Use Somebody,Kings of Leon
2009,15,Knock You Down,Keri Hilson featuring Kanye West and Ne-Yo
2009,16,Blame It,Jamie Foxx featuring T-Pain
2009,17,I Know You Want Me (Calle Ocho),Pitbull
2009,18,Live Your Life,T.I. featuring Rihanna
2009,19,Kiss Me thru the Phone,Soulja Boy Tell 'Em featuring Sammie
2009,20,Down,Jay Sean featuring Lil Wayne
2009,21,The Climb,Miley Cyrus
2009,22,Best I Ever Had,Drake
2009,23,My Life Would Suck Without You,Kelly Clarkson
2009,24,Halo,Beyoncé
2009,25,Hot n Cold,Katy Perry
2009,26,Second Chance,Shinedown
2009,27,Circus,Britney Spears
2009,28,Day 'n' Nite,Kid Cudi
2009,29,Party in the U.S.A.,Miley Cyrus
2009,30,Don't Trust Me,3OH!3
2009,31,Run This Town,Jay-Z featuring Rihanna and Kanye West
2009,32,Let It Rock,Kevin Rudolf featuring Lil Wayne
2009,33,Fire Burning,Sean Kingston
2009,34,Whatcha Say,Jason Derulo
2009,35,LoveGame,Lady Gaga
2009,36,Waking Up in Vegas,Katy Perry
2009,37,Birthday Sex,Jeremih
2009,38,Sober,Pink
2009,39,Womanizer,Britney Spears
2009,40,Whatever You Like,T.I.
2009,41,Obsessed,Mariah Carey
2009,42,Mad,Ne-Yo
2009,43,Good Girls Go Bad,Cobra Starship featuring Leighton Meester
2009,44,Love Lockdown,Kanye West
2009,45,So What,Pink
2009,46,Hotel Room Service,Pitbull
2009,47,Crack a Bottle,"Eminem, Dr. Dre and 50 Cent"
2009,48,If I Were a Boy,Beyoncé
2009,49,Turnin Me On,Keri Hilson featuring Lil Wayne
2009,50,I Hate This Part,Pussycat Dolls
2009,51,Gotta Be Somebody,Nickelback
2009,52,Please Don't Leave Me,Pink
2009,53,Paparazzi,Lady Gaga
2009,54,Beautiful,Akon featuring Colby O'Donis and Kardinal Offishall
2009,55,Viva la Vida,Coldplay
2009,56,Right Now (Na Na Na),Akon
2009,57,Battlefield,Jordin Sparks
2009,58,Sugar,Flo Rida featuring Wynter
2009,59,Miss Independent,Ne-Yo
2009,60,Fireflies,Owl City
2009,61,New Divide,Linkin Park
2009,62,Empire State of Mind,Jay-Z featuring Alicia Keys
2009,63,No Surprise,Daughtry
2009,64,She Wolf,Shakira
2009,65,Break Up,Mario featuring Gucci Mane and Sean Garrett
2009,66,Sweet Dreams,Beyoncé
2009,67,Every Girl,Young Money
2009,68,Fallin' for You,Colbie Caillat
2009,69,Untouched,The Veronicas
2009,70,If Today Was Your Last Day,Nickelback
2009,71,Throw It in the Bag,Fabolous featuring The-Dream
2009,72,Love Drunk,Boys Like Girls
2009,73,I Love College,Asher Roth
2009,74,If U Seek Amy,Britney Spears
2009,75,Big Green Tractor,Jason Aldean
2009,76,White Horse,Taylor Swift
2009,77,Disturbia,Rihanna
2009,78,21 Guns,Green Day
2009,79,Turn My Swag On,Soulja Boy Tell 'Em
2009,80,Rockin' That Thang,The-Dream
2009,81,Chicken Fried,Zac Brown Band
2009,82,Diva,Beyoncé
2009,83,Replay,Iyaz
2009,84,Then,Brad Paisley
2009,85,Her Diamonds,Rob Thomas
2009,86,How Do You Sleep?,Jesse McCartney featuring Ludacris
2009,87,3,Britney Spears
2009,88,Forever,"Drake featuring Kanye West, Lil Wayne and Eminem"
2009,89,One Time,Justin Bieber
2009,90,I Run to You,Lady Antebellum
2009,91,I Do Not Hook Up,Kelly Clarkson
2009,92,Green Light,John Legend featuring André 3000
2009,93,People Are Crazy,Billy Currington
2009,94,Whatever It Is,Zac Brown Band
2009,95,Already Gone,Kelly Clarkson
2009,96,Goodbye,Kristinia DeBarge
2009,97,Say Hey (I Love You),Michael Franti & Spearhead featuring Cherine Anderson
2009,98,Pop Champagne,Jim Jones featuring Ron Browz and Juelz Santana
2009,99,Pretty Wings,Maxwell
2009,100,Never Say Never,The Fray
2010,1,Tik Tok,Kesha
2010,2,Need You Now,Lady Antebellum
2010,3,"Hey, Soul Sister",Train
2010,4,California Gurls,Katy Perry featuring Snoop Dogg
2010,5,OMG,Usher featuring will.i.am
2010,6,Airplanes,B.o.B featuring Hayley Williams
2010,7,Love the Way You Lie,Eminem featuring Rihanna
2010,8,Bad Romance,Lady Gaga
2010,9,Dynamite,Taio Cruz
2010,10,Break Your Heart,Taio Cruz featuring Ludacris
2010,11,Nothin' on You,B.o.B featuring Bruno Mars
2010,12,I Like It,Enrique Iglesias featuring Pitbull
2010,13,BedRock,Young Money featuring Lloyd
2010,14,In My Head,Jason Derulo
2010,15,Rude Boy,Rihanna
2010,16,Telephone,Lady Gaga featuring Beyoncé
2010,17,Teenage Dream,Katy Perry
2010,18,Just the Way You Are,Bruno Mars
2010,19,Cooler Than Me,Mike Posner
2010,20,Imma Be,The Black Eyed Peas
2010,21,Empire State of Mind,Jay-Z featuring Alicia Keys
2010,22,DJ Got Us Fallin' in Love,Usher featuring Pitbull
2010,23,Billionaire,Travie McCoy featuring Bruno Mars
2010,24,Not Afraid,Eminem
2010,25,Replay,Iyaz
2010,26,Sexy Bitch,David Guetta featuring Akon
2010,27,Breakeven,The Script
2010,28,Your Love Is My Drug,Kesha
2010,29,I Gotta Feeling,The Black Eyed Peas
2010,30,Fireflies,Owl City
2010,31,Say Aah,Trey Songz featuring Fabolous
2010,32,Find Your Love,Drake
2010,33,Alejandro,Lady Gaga
2010,34,Ridin' Solo,Jason Derulo
2010,35,Just a Dream,Nelly
2010,36,How Low,Ludacris
2010,37,Like a G6,Far East Movement featuring The Cataracs and Dev
2010,38,Carry Out,Timbaland featuring Justin Timberlake
2010,39,Haven't Met You Yet,Michael Bublé
2010,40,Club Can't Handle Me,Flo Rida featuring David Guetta
2010,41,Down,Jay Sean featuring Lil Wayne
2010,42,Bulletproof,La Roux
2010,43,Whatcha Say,Jason Derulo
2010,44,Baby,Justin Bieber featuring Ludacris
2010,45,Whataya Want from Me,Adam Lambert
2010,46,Mine,Taylor Swift
2010,47,Only Girl (In the World),Rihanna
2010,48,Live Like We're Dying,Kris Allen
2010,49,Hard,Rihanna featuring Jeezy
2010,50,Young Forever,Jay-Z featuring Mr Hudson
2010,51,Blah Blah Blah,Kesha featuring 3OH!3
2010,52,Bottoms Up,Trey Songz featuring Nicki Minaj
2010,53,Do You Remember,Jay Sean featuring Sean Paul and Lil Jon
2010,54,All the Right Moves,OneRepublic
2010,55,According to You,Orianthi
2010,56,My Chick Bad,Ludacris featuring Nicki Minaj
2010,57,You Belong with Me,Taylor Swift
2010,58,Meet Me Halfway,The Black Eyed Peas
2010,59,Take It Off,Kesha
2010,60,Over,Drake
2010,61,Animal,Neon Trees
2010,62,Misery,Maroon 5
2010,63,Magic,B.o.B featuring Rivers Cuomo
2010,64,Paparazzi,Lady Gaga
2010,65,Tie Me Down,New Boyz featuring Ray J
2010,66,Your Love,Nicki Minaj
2010,67,Party in the U.S.A.,Miley Cyrus
2010,68,Deuces,Chris Brown featuring Tyga and Kevin McCall
2010,69,3,Britney Spears
2010,70,Impossible,Shontelle
2010,71,Forever,"Drake featuring Kanye West, Lil Wayne and Eminem"
2010,72,Two Is Better Than One,Boys Like Girls featuring Taylor Swift
2010,73,My First Kiss,3OH!3 featuring Kesha
2010,74,Already Gone,Kelly Clarkson
2010,75,Rock That Body,The Black Eyed Peas
2010,76,Secrets,OneRepublic
2010,77,Naturally,Selena Gomez & the Scene
2010,78,Un-Thinkable (I'm Ready),Alicia Keys
2010,79,All I Do Is Win,"DJ Khaled featuring T-Pain, Ludacris, Snoop Dogg and Rick Ross"
2010,80,I Made It (Cash Money Heroes),"Kevin Rudolf featuring Birdman, Jay Sean and Lil Wayne"
2010,81,Stuck Like Glue,Sugarland
2010,82,Hey Daddy (Daddy's Home),Usher featuring Plies
2010,83,There Goes My Baby,Usher
2010,84,Today Was a Fairytale,Taylor Swift
2010,85,Say Something,Timbaland featuring Drake
2010,86,Sweet Dreams,Beyoncé
2010,87,Use Somebody,Kings of Leon
2010,88,Undo It,Carrie Underwood
2010,89,Eenie Meenie,Sean Kingston and Justin Bieber
2010,90,Right Above It,Lil Wayne featuring Drake
2010,91,The House That Built Me,Miranda Lambert
2010,92,If I Die Young,The Band Perry
2010,93,The Only Exception,Paramore
2010,94,American Honey,Lady Antebellum
2010,95,King of Anything,Sara Bareilles
2010,96,Life After You,Daughtry
2010,97,Smile,Uncle Kracker
2010,98,Teach Me How to Dougie,Cali Swag District
2010,99,Try Sleeping with a Broken Heart,Alicia Keys
2010,100,"Lover, Lover",Jerrod Niemann
2011,1,Rolling in the Deep,Adele
2011,2,Party Rock Anthem,LMFAO featuring Lauren Bennett and GoonRock
2011,3,Firework,Katy Perry
2011,4,E.T.,Katy Perry featuring Kanye West
2011,5,Give Me Everything,"Pitbull featuring Ne-Yo, Afrojack and Nayer"
2011,6,Grenade,Bruno Mars
2011,7,Fuck You (Forget You),CeeLo Green
2011,8,Super Bass,Nicki Minaj
2011,9,Moves like Jagger,Maroon 5 featuring Christina Aguilera
2011,10,Just Can't Get Enough,The Black Eyed Peas
2011,11,On the Floor,Jennifer Lopez featuring Pitbull
2011,12,S&M,Rihanna
2011,13,Pumped Up Kicks,Foster the People
2011,14,Last Friday Night (T.G.I.F.),Katy Perry
2011,15,Just the Way You Are,Bruno Mars
2011,16,Tonight (I'm Lovin' You),Enrique Iglesias featuring Ludacris and DJ Frank E
2011,17,Raise Your Glass,Pink
2011,18,Born This Way,Lady Gaga
2011,19,Fuckin' Perfect,Pink
2011,20,What's My Name?,Rihanna featuring Drake
2011,21,Look at Me Now,Chris Brown featuring Lil Wayne and Busta Rhymes
2011,22,Down on Me,Jeremih featuring 50 Cent
2011,23,How to Love,Lil Wayne
2011,24,Someone Like You,Adele
2011,25,Good Life,OneRepublic
2011,26,The Lazy Song,Bruno Mars
2011,27,Till the World Ends,Britney Spears
2011,28,The Show Goes On,Lupe Fiasco
2011,29,The Edge of Glory,Lady Gaga
2011,30,We R Who We R,Kesha
2011,31,Black and Yellow,Wiz Khalifa
2011,32,Tonight Tonight,Hot Chelle Rae
2011,33,Blow,Kesha
2011,34,Lighters,Bad Meets Evil featuring Bruno Mars
2011,35,If I Die Young,The Band Perry
2011,36,Stereo Hearts,Gym Class Heroes featuring Adam Levine
2011,37,The Time (Dirty Bit),The Black Eyed Peas
2011,38,Coming Home,Diddy – Dirty Money featuring Skylar Grey
2011,39,Hey Baby (Drop It to the Floor),Pitbull featuring T-Pain
2011,40,Only Girl (In the World),Rihanna
2011,41,6 Foot 7 Foot,Lil Wayne featuring Cory Gunz
2011,42,Just a Kiss,Lady Antebellum
2011,43,Dirt Road Anthem,Jason Aldean
2011,44,Dynamite,Taio Cruz
2011,45,No Hands,Waka Flocka Flame featuring Wale and Roscoe Dash
2011,46,I Wanna Go,Britney Spears
2011,47,I'm on One,"DJ Khaled featuring Drake, Rick Ross and Lil Wayne"
2011,48,You Make Me Feel...,Cobra Starship featuring Sabi
2011,49,Yeah 3x,Chris Brown
2011,50,Moment 4 Life,Nicki Minaj featuring Drake
2011,51,I Need a Doctor,Dr. Dre featuring Eminem and Skylar Grey
2011,52,Just a Dream,Nelly
2011,53,Motivation,Kelly Rowland featuring Lil Wayne
2011,54,Stereo Love,Edward Maya featuring Vika Jigulina
2011,55,Jar of Hearts,Christina Perri
2011,56,Roll Up,Wiz Khalifa
2011,57,Sexy and I Know It,LMFAO
2011,58,Rocketeer,Far East Movement featuring Ryan Tedder
2011,59,All of the Lights,Kanye West
2011,60,Hold It Against Me,Britney Spears
2011,61,More,Usher
2011,62,What the Hell,Avril Lavigne
2011,63,Written in the Stars,Tinie Tempah featuring Eric Turner
2011,64,Bottoms Up,Trey Songz featuring Nicki Minaj
2011,65,DJ Got Us Fallin' in Love,Usher featuring Pitbull
2011,66,For the First Time,The Script
2011,67,Honey Bee,Blake Shelton
2011,68,Don't You Wanna Stay,Jason Aldean featuring Kelly Clarkson
2011,69,We Found Love,Rihanna featuring Calvin Harris
2011,70,Pretty Girl Rock,Keri Hilson
2011,71,Yoü and I,Lady Gaga
2011,72,Like a G6,Far East Movement featuring The Cataracs and Dev
2011,73,Without You,David Guetta featuring Usher
2011,74,Back to December,Taylor Swift
2011,75,Teenage Dream,Katy Perry
2011,76,Crazy Girl,Eli Young Band
2011,77,Cheers (Drink to That),Rihanna
2011,78,Who Says,Selena Gomez & the Scene
2011,79,Barefoot Blue Jean Night,Jake Owen
2011,80,Knee Deep,Zac Brown Band featuring Jimmy Buffett
2011,81,Country Girl (Shake It for Me),Luke Bryan
2011,82,Remind Me,Brad Paisley and Carrie Underwood
2011,83,In the Dark,Dev
2011,84,Backseat,New Boyz featuring The Cataracs and Dev
2011,85,Headlines,Drake
2011,86,Best Thing I Never Had,Beyoncé
2011,87,Don't Wanna Go Home,Jason Derulo
2011,88,Where Them Girls At,David Guetta featuring Flo Rida and Nicki Minaj
2011,89,She Ain't You,Chris Brown
2011,90,Take a Back Road,Rodney Atkins
2011,91,Please Don't Go,Mike Posner
2011,92,Sure Thing,Miguel
2011,93,Price Tag,Jessie J featuring B.o.B
2011,94,God Gave Me You,Blake Shelton
2011,95,She Will,Lil Wayne featuring Drake
2011,96,Are You Gonna Kiss Me or Not,Thompson Square
2011,97,Animal,Neon Trees
2011,98,You and Tequila,Kenny Chesney featuring Grace Potter
2011,99,Colder Weather,Zac Brown Band
2011,100,My Last,Big Sean featuring Chris Brown
2012,1,Somebody That I Used to Know,Gotye featuring Kimbra
2012,2,Call Me Maybe,Carly Rae Jepsen
2012,3,We Are Young,Fun featuring Janelle Monáe
2012,4,Payphone,Maroon 5 featuring Wiz Khalifa
2012,5,Lights,Ellie Goulding
2012,6,Glad You Came,The Wanted
2012,7,Stronger (What Doesn't Kill You),Kelly Clarkson
2012,8,We Found Love,Rihanna featuring Calvin Harris
2012,9,Starships,Nicki Minaj
2012,10,What Makes You Beautiful,One Direction
2012,11,Wild Ones,Flo Rida featuring Sia
2012,12,Set Fire to the Rain,Adele
2012,13,Sexy and I Know It,LMFAO
2012,14,Some Nights,Fun
2012,15,Wide Awake,Katy Perry
2012,16,Good Feeling,Flo Rida
2012,18,One More Night,Maroon 5
2012,19,Drive By,Train
2012,20,The Motto,Drake featuring Lil Wayne
2012,21,Where Have You Been,Rihanna
2012,22,Everybody Talks,Neon Trees
2012,23,Take Care,Drake featuring Rihanna
2012,24,Titanium,David Guetta featuring Sia
2012,25,I Won't Give Up,Jason Mraz
2012,26,It Will Rain,Bruno Mars
2012,27,Mercy,"Kanye West, Big Sean, Pusha T and 2 Chainz"
2012,28,Boyfriend,Justin Bieber
2012,29,Party Rock Anthem,LMFAO featuring Lauren Bennett and GoonRock
2012,30,Too Close,Alex Clare
2012,31,Part of Me,Katy Perry
2012,32,"Young, Wild & Free",Snoop Dogg and Wiz Khalifa featuring Bruno Mars
2012,33,We Are Never Ever Getting Back Together,Taylor Swift
2012,34,As Long as You Love Me,Justin Bieber featuring Big Sean
2012,35,Turn Me On,David Guetta featuring Nicki Minaj
2012,36,Moves like Jagger,Maroon 5 featuring Christina Aguilera
2012,37,Blow Me (One Last Kiss),Pink
2012,38,Good Time,Owl City and Carly Rae Jepsen
2012,39,Give Your Heart a Break,Demi Lovato
2012,40,Niggas in Paris,Jay-Z and Kanye West
2012,41,The One That Got Away,Katy Perry
2012,42,Feel So Close,Calvin Harris
2012,43,Someone like You,Adele
2012,44,Scream,Usher
2012,45,Rack City,Tyga
2012,46,Domino,Jessie J
2012,47,Gangnam Style,Psy
2012,48,International Love,Pitbull featuring Chris Brown
2012,49,Home,Phillip Phillips
2012,50,Without You,David Guetta featuring Usher
2012,51,Ass Back Home,Gym Class Heroes featuring Neon Hitch
2012,52,Wanted,Hunter Hayes
2012,53,Drunk on You,Luke Bryan
2012,54,No Lie,2 Chainz featuring Drake
2012,55,Want U Back,Cher Lloyd
2012,56,Don't Wake Me Up,Chris Brown
2012,57,Dance (A$$),Big Sean featuring Nicki Minaj
2012,58,Springsteen,Eric Church
2012,59,Brokenhearted,Karmin
2012,60,Not Over You,Gavin DeGraw
2012,61,Stereo Hearts,Gym Class Heroes featuring Adam Levine
2012,62,Back in Time,Pitbull
2012,63,Work Out,J. Cole
2012,64,Rumour Has It,Adele
2012,65,Let's Go,Calvin Harris featuring Ne-Yo
2012,66,Good Girl,Carrie Underwood
2012,67,Pontoon,Little Big Town
2012,68,Ho Hey,The Lumineers
2012,69,Paradise,Coldplay
2012,70,Blown Away,Carrie Underwood
2012,71,Rolling in the Deep,Adele
2012,72,Climax,Usher
2012,73,"Work Hard, Play Hard",Wiz Khalifa
2012,74,Let Me Love You (Until You Learn to Love Yourself),Ne-Yo
2012,75,Pound the Alarm,Nicki Minaj
2012,76,Come Over,Kenny Chesney
2012,77,Heart Attack,Trey Songz
2012,78,Drank in My Cup,Kirko Bangz
2012,79,Birthday Cake,Rihanna featuring Chris Brown
2012,80,So Good,B.o.B
2012,81,50 Ways to Say Goodbye,Train
2012,82,Red Solo Cup,Toby Keith
2012,83,Love You Like a Love Song,Selena Gomez & the Scene
2012,84,Turn Up the Music,Chris Brown
2012,85,Die Young,Kesha
2012,86,5 O'Clock,T-Pain featuring Wiz Khalifa and Lily Allen
2012,87,A Thousand Years,Christina Perri
2012,88,Take a Little Ride,Jason Aldean
2012,89,You da One,Rihanna
2012,90,We Run the Night,Havana Brown featuring Pitbull
2012,91,It's Time,Imagine Dragons
2012,92,Cashin' Out,Cash Out
2012,93,I Don't Want This Night to End,Luke Bryan
2012,94,Diamonds,Rihanna
2012,95,Hard to Love,Lee Brice
2012,96,Somethin' 'Bout a Truck,Kip Moore
2012,97,Adorn,Miguel
2012,98,Fly Over States,Jason Aldean
2012,99,Even If It Breaks Your Heart,Eli Young Band
2012,100,Burn It Down,Linkin Park
2013,1,Thrift Shop,Macklemore & Ryan Lewis featuring Wanz
2013,2,Blurred Lines,Robin Thicke featuring T.I. and Pharrell Williams
2013,3,Radioactive,Imagine Dragons
2013,4,Harlem Shake,Baauer
2013,5,Can't Hold Us,Macklemore & Ryan Lewis featuring Ray Dalton
2013,6,Mirrors,Justin Timberlake
2013,7,Just Give Me a Reason,Pink featuring Nate Ruess
2013,8,When I Was Your Man,Bruno Mars
2013,9,Cruise,Florida Georgia Line featuring Nelly
2013,10,Roar,Katy Perry
2013,11,Locked Out of Heaven,Bruno Mars
2013,12,Ho Hey,The Lumineers
2013,13,Stay,Rihanna featuring Mikky Ekko
2013,14,Get Lucky,Daft Punk featuring Pharrell Williams
2013,15,Royals,Lorde
2013,16,I Knew You Were Trouble.,Taylor Swift
2013,17,We Can't Stop,Miley Cyrus
2013,19,Wake Me Up,Avicii
2013,20,Suit & Tie,Justin Timberlake featuring Jay-Z
2013,21,Cups (Pitch Perfect's When I'm Gone),Anna Kendrick
2013,22,Holy Grail,Jay-Z featuring Justin Timberlake
2013,23,Scream & Shout,will.i.am featuring Britney Spears
2013,24,Clarity,Zedd featuring Foxes
2013,25,Sail,Awolnation
2013,26,Don't You Worry Child,Swedish House Mafia featuring John Martin
2013,27,Diamonds,Rihanna
2013,28,I Love It,Icona Pop featuring Charli XCX
2013,29,Safe and Sound,Capital Cities
2013,30,Treasure,Bruno Mars
2013,31,The Way,Ariana Grande featuring Mac Miller
2013,32,Started from the Bottom,Drake
2013,33,Come & Get It,Selena Gomez
2013,34,"Hold On, We're Going Home",Drake featuring Majid Jordan
2013,35,Daylight,Maroon 5
2013,36,Feel This Moment,Pitbull featuring Christina Aguilera
2013,37,Applause,Lady Gaga
2013,38,One More Night,Maroon 5
2013,39,Love Me,Lil Wayne featuring Drake and Future
2013,40,My Songs Know What You Did in the Dark (Light Em Up),Fall Out Boy
2013,41,Fuckin' Problems,"ASAP Rocky featuring Drake, 2 Chainz and Kendrick Lamar"
2013,42,Beauty and a Beat,Justin Bieber featuring Nicki Minaj
2013,43,Same Love,Macklemore & Ryan Lewis featuring Mary Lambert
2013,44,Sweet Nothing,Calvin Harris featuring Florence Welch
2013,45,Summertime Sadness,Lana Del Rey and Cédric Gervais
2013,46,Home,Phillip Phillips
2013,47,It's Time,Imagine Dragons
2013,48,Power Trip,J. Cole featuring Miguel
2013,49,Girl on Fire,Alicia Keys featuring Nicki Minaj
2013,50,Heart Attack,Demi Lovato
2013,51,Love Somebody,Maroon 5
2013,52,I Will Wait,Mumford & Sons
2013,53,Try,Pink
2013,54,Wagon Wheel,Darius Rucker
2013,55,Gangnam Style,Psy
2013,56,I Need Your Love,Calvin Harris featuring Ellie Goulding
2013,57,Die Young,Kesha
2013,58,Some Nights,Fun
2013,59,Bad,Wale featuring Tiara Thomas or Rihanna
2013,60,Boys 'Round Here,Blake Shelton featuring Pistol Annies and Friends
2013,61,"Gone, Gone, Gone",Phillip Phillips
2013,62,Demons,Imagine Dragons
2013,63,Counting Stars,OneRepublic
2013,64,I Cry,Flo Rida
2013,65,Little Talks,Of Monsters and Men
2013,66,The Other Side,Jason Derulo
2013,67,Berzerk,Eminem
2013,68,Catch My Breath,Kelly Clarkson
2013,69,Crash My Party,Luke Bryan
2013,70,Pour It Up,Rihanna
2013,71,22,Taylor Swift
2013,72,I Want Crazy,Hunter Hayes
2013,73,The Fox (What Does the Fox Say?),Ylvis
2013,74,Best Song Ever,One Direction
2013,75,The A Team,Ed Sheeran
2013,76,Carry On,Fun
2013,77,Highway Don't Care,Tim McGraw featuring Taylor Swift and Keith Urban
2013,78,That's My Kind of Night,Luke Bryan
2013,79,Swimming Pools (Drank),Kendrick Lamar
2013,80,Sure Be Cool If You Did,Blake Shelton
2013,81,#Beautiful,Mariah Carey featuring Miguel
2013,82,Troublemaker,Olly Murs featuring Flo Rida
2013,83,Body Party,Ciara
2013,84,Adorn,Miguel
2013,85,Hall of Fame,The Script featuring will.i.am
2013,86,Let Me Love You (Until You Learn to Love Yourself),Ne-Yo
2013,87,U.O.E.N.O.,Rocko featuring Future and Rick Ross
2013,88,Next to Me,Emeli Sandé
2013,89,Mama's Broken Heart,Miranda Lambert
2013,90,It Goes Like This,Thomas Rhett
2013,91,Bugatti,Ace Hood featuring Future and Rick Ross
2013,92,Wanted,Hunter Hayes
2013,93,Downtown,Lady Antebellum
2013,94,Get Your Shine On,Florida Georgia Line
2013,95,#thatPower,will.i.am featuring Justin Bieber
2013,96,Brave,Sara Bareilles
2013,97,Let Her Go,Passenger
2013,98,Runnin' Outta Moonlight,Randy Houser
2013,99,I'm Different,2 Chainz
2013,100,Still Into You,Paramore
2014,1,Happy,Pharrell Williams
2014,2,Dark Horse,Katy Perry featuring Juicy J
2014,3,All of Me,John Legend
2014,4,Fancy,Iggy Azalea featuring Charli XCX
2014,5,Counting Stars,OneRepublic
2014,6,Talk Dirty,Jason Derulo featuring 2 Chainz
2014,7,Rude,Magic!
2014,8,All About That Bass,Meghan Trainor
2014,9,Problem,Ariana Grande featuring Iggy Azalea
2014,10,Stay with Me,Sam Smith
2014,11,Timber,Pitbull featuring Kesha
2014,12,Pompeii,Bastille
2014,13,Shake It Off,Taylor Swift
2014,14,Am I Wrong,Nico & Vinz
2014,15,Turn Down for What,DJ Snake and Lil Jon
2014,16,The Monster,Eminem featuring Rihanna
2014,17,Say Something,A Great Big World and Christina Aguilera
2014,18,Team,Lorde
2014,19,Let Her Go,Passenger
2014,20,Royals,Lorde
2014,21,Let It Go,Idina Menzel
2014,22,Wake Me Up,Avicii
2014,23,Demons,Imagine Dragons
2014,24,Story of My Life,One Direction
2014,25,Chandelier,Sia
2014,26,Black Widow,Iggy Azalea featuring Rita Ora
2014,27,Bang Bang,"Jessie J, Ariana Grande and Nicki Minaj"
2014,28,Latch,Disclosure featuring Sam Smith
2014,29,Maps,Maroon 5
2014,30,Loyal,Chris Brown featuring Lil Wayne and French Montana or Too Short or Tyga
2014,31,Best Day of My Life,American Authors
2014,32,Habits (Stay High),Tove Lo
2014,33,Summer,Calvin Harris
2014,34,Boom Clap,Charli XCX
2014,35,Drunk in Love,Beyoncé featuring Jay-Z
2014,36,Anaconda,Nicki Minaj
2014,37,Break Free,Ariana Grande featuring Zedd
2014,38,Bailando,Enrique Iglesias featuring Descemer Bueno and Gente de Zona
2014,39,Burn,Ellie Goulding
2014,40,Wiggle,Jason Derulo featuring Snoop Dogg
2014,41,Rather Be,Clean Bandit featuring Jess Glynne
2014,42,Don't Tell 'Em,Jeremih featuring YG
2014,43,Show Me,Kid Ink featuring Chris Brown
2014,44,Wrecking Ball,Miley Cyrus
2014,45,Not a Bad Thing,Justin Timberlake
2014,46,Roar,Katy Perry
2014,47,Ain't It Fun,Paramore
2014,48,The Man,Aloe Blacc
2014,49,This Is How We Roll,Florida Georgia Line featuring Luke Bryan
2014,50,Classic,MKTO
2014,51,A Sky Full of Stars,Coldplay
2014,52,Don't,Ed Sheeran
2014,53,Na Na,Trey Songz
2014,54,Hot Boy,Bobby Shmurda
2014,55,"Hold On, We're Going Home",Drake featuring Majid Jordan
2014,56,Sing,Ed Sheeran
2014,57,Radioactive,Imagine Dragons
2014,58,My Hitta,YG featuring Jeezy and Rich Homie Quan
2014,59,Cool Kids,Echosmith
2014,60,Hey Brother,Avicii
2014,61,Trumpets,Jason Derulo
2014,62,Animals,Maroon 5
2014,63,Burnin' It Down,Jason Aldean
2014,64,Play It Again,Luke Bryan
2014,65,2 On,Tinashe featuring ScHoolboy Q
2014,66,Dirt,Florida Georgia Line
2014,67,Love Runs Out,OneRepublic
2014,68,Bottoms Up,Brantley Gilbert
2014,69,Shower,Becky G
2014,70,Me and My Broken Heart,Rixton
2014,71,Animals,Martin Garrix
2014,72,Lifestyle,Rich Gang featuring Young Thug and Rich Homie Quan
2014,73,American Kids,Kenny Chesney
2014,74,Brave,Sara Bareilles
2014,75,Sweater Weather,The Neighbourhood
2014,76,Leave the Night On,Sam Hunt
2014,77,New Flame,Chris Brown featuring Usher and Rick Ross
2014,78,Love Never Felt So Good,Michael Jackson and Justin Timberlake
2014,79,Drunk on a Plane,Dierks Bentley
2014,80,Birthday,Katy Perry
2014,81,Bartender,Lady Antebellum
2014,82,La La La,Naughty Boy featuring Sam Smith
2014,83,Blurred Lines,Robin Thicke featuring T.I. and Pharrell Williams
2014,84,Do What U Want,Lady Gaga featuring R. Kelly
2014,85,Can't Remember to Forget You,Shakira featuring Rihanna
2014,86,Amnesia,5 Seconds of Summer
2014,87,No Mediocre,T.I. featuring Iggy Azalea
2014,88,Come with Me Now,KONGOS
2014,89,Believe Me,Lil Wayne featuring Drake
2014,90,23,"Mike WiLL Made-It featuring Miley Cyrus, Wiz Khalifa, and Juicy J"
2014,91,Beachin',Jake Owen
2014,92,White Walls,Macklemore & Ryan Lewis featuring ScHoolboy Q and Hollis
2014,93,She Looks So Perfect,5 Seconds of Summer
2014,94,Stay the Night,Zedd featuring Hayley Williams
2014,95,Partition,Beyoncé
2014,96,Studio,ScHoolboy Q featuring BJ the Chicago Kid
2014,97,0 to 100 / The Catch Up,Drake
2014,98,I Don't Dance,Lee Brice
2014,99,Somethin' Bad,Miranda Lambert and Carrie Underwood
2014,100,Adore You,Miley Cyrus
2015,1,Uptown Funk,Mark Ronson featuring Bruno Mars
2015,2,Thinking Out Loud,Ed Sheeran
2015,3,See You Again,Wiz Khalifa featuring Charlie Puth
2015,4,Trap Queen,Fetty Wap
2015,5,Sugar,Maroon 5
2015,6,Shut Up and Dance,Walk the Moon
2015,7,Blank Space,Taylor Swift
2015,8,Watch Me,Silentó
2015,9,Earned It,The Weeknd
2015,11,Cheerleader (Felix Jaehn Remix),OMI
2015,12,Can't Feel My Face,The Weeknd
2015,13,Love Me Like You Do,Ellie Goulding
2015,14,Take Me to Church,Hozier
2015,15,Bad Blood,Taylor Swift featuring Kendrick Lamar
2015,16,Lean On,Major Lazer and DJ Snake featuring MØ
2015,17,Want to Want Me,Jason Derulo
2015,18,Shake It Off,Taylor Swift
2015,19,Where Are Ü Now,Skrillex and Diplo (Jack Ü) featuring Justin Bieber
2015,20,Fight Song,Rachel Platten
2015,21,679,Fetty Wap featuring Remy Boyz
2015,22,Lips Are Movin,Meghan Trainor
2015,23,Worth It,Fifth Harmony featuring Kid Ink
2015,24,Post to Be,Omarion featuring Chris Brown and Jhené Aiko
2015,25,"Honey, I'm Good.",Andy Grammer
2015,26,I'm Not the Only One,Sam Smith
2015,27,Good for You,Selena Gomez featuring ASAP Rocky
2015,28,All About That Bass,Meghan Trainor
2015,29,Style,Taylor Swift
2015,30,Hotline Bling,Drake
2015,31,Hey Mama,"David Guetta featuring Nicki Minaj, Bebe Rexha and Afrojack"
2015,32,G.D.F.R.,Flo Rida featuring Sage the Gemini and Lookas
2015,33,What Do You Mean?,Justin Bieber
2015,34,Photograph,Ed Sheeran
2015,35,Hello,Adele
2015,36,Stitches,Shawn Mendes
2015,37,Talking Body,Tove Lo
2015,38,Jealous,Nick Jonas
2015,39,Time of Our Lives,Pitbull and Ne-Yo
2015,40,Locked Away,R. City featuring Adam Levine
2015,41,Somebody,Natalie La Rose featuring Jeremih
2015,42,FourFiveSeconds,"Rihanna, Kanye West and Paul McCartney"
2015,43,Centuries,Fall Out Boy
2015,44,My Way,Fetty Wap featuring Monty
2015,45,Take Your Time,Sam Hunt
2015,46,Animals,Maroon 5
2015,47,I Don't Fuck with You,Big Sean featuring E-40
2015,48,Bitch Better Have My Money,Rihanna
2015,49,"Flex (Ooh, Ooh, Ooh)",Rich Homie Quan
2015,50,Nasty Freestyle,T-Wayne
2015,51,Only,"Nicki Minaj featuring Drake, Lil Wayne and Chris Brown"
2015,52,Elastic Heart,Sia
2015,53,Cool for the Summer,Demi Lovato
2015,54,Renegades,X Ambassadors
2015,55,I Don't Mind,Usher featuring Juicy J
2015,56,Love Me Harder,Ariana Grande and The Weeknd
2015,57,Wildest Dreams,Taylor Swift
2015,58,Stay with Me,Sam Smith
2015,59,You Know You Like It,DJ Snake and AlunaGeorge
2015,60,Uma Thurman,Fall Out Boy
2015,61,7/11,Beyoncé
2015,62,The Heart Wants What It Wants,Selena Gomez
2015,63,Girl Crush,Little Big Town
2015,64,Slow Motion,Trey Songz
2015,65,Drag Me Down,One Direction
2015,66,Truffle Butter,Nicki Minaj featuring Drake and Lil Wayne
2015,67,One Last Time,Ariana Grande
2015,68,Chains,Nick Jonas
2015,69,All Eyes on You,Meek Mill featuring Chris Brown and Nicki Minaj
2015,70,No Type,Rae Sremmurd
2015,71,Riptide,Vance Joy
2015,72,Classic Man,Jidenna featuring Roman GianArthur
2015,73,Ex's & Oh's,Elle King
2015,74,Dear Future Husband,Meghan Trainor
2015,75,Marvin Gaye,Charlie Puth featuring Meghan Trainor
2015,76,Like I'm Gonna Lose You,Meghan Trainor featuring John Legend
2015,77,Habits (Stay High),Tove Lo
2015,78,The Hanging Tree,James Newton Howard featuring Jennifer Lawrence
2015,79,CoCo,O.T. Genasis
2015,80,Bang Bang,"Jessie J, Ariana Grande and Nicki Minaj"
2015,81,Lay Me Down,Sam Smith
2015,82,Tuesday,ILoveMakonnen featuring Drake
2015,83,Hit the Quan,iLoveMemphis
2015,84,Downtown,"Macklemore & Ryan Lewis featuring Eric Nally, Melle Mel, Kool Moe Dee and Grandmaster Caz"
2015,85,House Party,Sam Hunt
2015,86,Ayo,Chris Brown and Tyga
2015,87,Kick the Dust Up,Luke Bryan
2015,88,Blessings,Big Sean featuring Drake and Kanye West
2015,89,Budapest,George Ezra
2015,90,Chandelier,Sia
2015,91,Heartbeat Song,Kelly Clarkson
2015,92,Don't,Ed Sheeran
2015,93,Ghost,Ella Henderson
2015,94,Here,Alessia Cara
2015,95,Waves (Robin Schulz Remix),Mr Probz
2015,96,El Perdón,Nicky Jam and Enrique Iglesias
2015,97,She Knows,Ne-Yo featuring Juicy J
2015,98,Night Changes,One Direction
2015,99,Back to Back,Drake
2015,100,How Deep Is Your Love,Calvin Harris and Disciples
2016,1,Love Yourself,Justin Bieber
2016,3,One Dance,Drake featuring Wizkid and Kyla
2016,4,Work,Rihanna featuring Drake
2016,5,Stressed Out,Twenty One Pilots
2016,6,Panda,Desiigner
2016,7,Hello,Adele
2016,8,Don't Let Me Down,The Chainsmokers featuring Daya
2016,9,Can't Stop the Feeling!,Justin Timberlake
2016,10,Closer,The Chainsmokers featuring Halsey
2016,11,Cheap Thrills,Sia featuring Sean Paul
2016,12,7 Years,Lukas Graham
2016,13,Needed Me,Rihanna
2016,14,My House,Flo Rida
2016,15,I Took a Pill in Ibiza,Mike Posner
2016,16,Work from Home,Fifth Harmony featuring Ty Dolla Sign
2016,17,This Is What You Came For,Calvin Harris featuring Rihanna
2016,18,Cake by the Ocean,DNCE
2016,19,"Me, Myself & I",G-Eazy and Bebe Rexha
2016,20,Ride,Twenty One Pilots
2016,22,Pillowtalk,Zayn
2016,23,Stitches,Shawn Mendes
2016,24,Hotline Bling,Drake
2016,25,Cold Water,Major Lazer featuring Justin Bieber and MØ
2016,26,Send My Love (To Your New Lover),Adele
2016,27,Roses,The Chainsmokers featuring Rozes
2016,28,Treat You Better,Shawn Mendes
2016,29,Too Good,Drake featuring Rihanna
2016,30,Low Life,Future featuring The Weeknd
2016,31,What Do You Mean?,Justin Bieber
2016,32,The Hills,The Weeknd
2016,33,Just Like Fire,P!nk
2016,34,Broccoli,DRAM featuring Lil Yachty
2016,35,Don't,Bryson Tiller
2016,36,Dangerous Woman,Ariana Grande
2016,37,Jumpman,Drake and Future
2016,38,"I Hate U, I Love U",Gnash featuring Olivia O'Brien
2016,39,Here,Alessia Cara
2016,40,Same Old Love,Selena Gomez
2016,41,Controlla,Drake
2016,42,Like I'm Gonna Lose You,Meghan Trainor featuring John Legend
2016,43,One Call Away,Charlie Puth
2016,44,Let It Go,James Bay
2016,45,No,Meghan Trainor
2016,46,Never Forget You,Zara Larsson and MNEK
2016,47,Let Me Love You,DJ Snake featuring Justin Bieber
2016,48,Don't Mind,Kent Jones
2016,49,H.O.L.Y.,Florida Georgia Line
2016,50,We Don't Talk Anymore,Charlie Puth featuring Selena Gomez
2016,51,Into You,Ariana Grande
2016,52,Gold,Kiiara
2016,53,Exchange,Bryson Tiller
2016,54,679,Fetty Wap featuring Remy Boyz
2016,55,Oui,Jeremih
2016,56,Hands to Myself,Selena Gomez
2016,57,2 Phones,Kevin Gates
2016,58,Starboy,The Weeknd featuring Daft Punk
2016,59,For Free,DJ Khaled featuring Drake
2016,60,Never Be Like You,Flume featuring Kai
2016,61,In the Night,The Weeknd
2016,62,Me Too,Meghan Trainor
2016,63,Ex's & Oh's,Elle King
2016,64,Die a Happy Man,Thomas Rhett
2016,65,White Iverson,Post Malone
2016,66,Close,Nick Jonas featuring Tove Lo
2016,67,Unsteady,X Ambassadors
2016,68,Sucker for Pain,"Lil Wayne, Wiz Khalifa and Imagine Dragons with Logic and Ty Dolla Sign featuring X Ambassadors"
2016,69,Down in the DM,Yo Gotti featuring Nicki Minaj
2016,70,Luv,Tory Lanez
2016,71,Sorry,Beyoncé
2016,72,Can't Feel My Face,The Weeknd
2016,73,Hymn for the Weekend,Coldplay
2016,74,Say It,Tory Lanez
2016,75,Antidote,Travis Scott
2016,76,Lost Boy,Ruth B
2016,77,Side to Side,Ariana Grande featuring Nicki Minaj
2016,78,"Sit Still, Look Pretty",Daya
2016,79,Wildest Dreams,Taylor Swift
2016,80,Middle,DJ Snake featuring Bipolar Sunshine
2016,81,On My Mind,Ellie Goulding
2016,82,Pop Style,Drake featuring Jay-Z and Kanye West[a]
2016,83,When We Were Young,Adele
2016,84,Hide Away,Daya
2016,85,Lean On,Major Lazer and DJ Snake featuring MØ
2016,86,I Know What You Did Last Summer,Shawn Mendes and Camila Cabello
2016,87,All the Way Up,Fat Joe and Remy Ma featuring French Montana and Infared
2016,88,Watch Me,Silentó
2016,89,Back to Sleep,Chris Brown
2016,90,No Limit,Usher featuring Young Thug
2016,91,Cut It,O.T. Genasis featuring Young Dolph
2016,92,Really Really,Kevin Gates
2016,93,All In My Head (Flex),Fifth Harmony featuring Fetty Wap
2016,94,Starving,Hailee Steinfeld and Grey featuring Zedd
2016,95,Adventure of a Lifetime,Coldplay
2016,96,Humble and Kind,Tim McGraw
2016,97,Wicked,Future
2016,98,Tiimmy Turner,Desiigner
2016,99,See You Again,Wiz Khalifa featuring Charlie Puth
2016,100,Perfect,One Direction
2017,1,Shape of You,Ed Sheeran
2017,2,Despacito (Remix),Luis Fonsi and Daddy Yankee featuring Justin Bieber
2017,3,That's What I Like,Bruno Mars
2017,4,Humble,Kendrick Lamar
2017,5,Something Just Like This,The Chainsmokers and Coldplay
2017,6,Bad and Boujee,Migos featuring Lil Uzi Vert
2017,7,Closer,The Chainsmokers featuring Halsey
2017,8,Body Like a Back Road,Sam Hunt
2017,9,Believer,Imagine Dragons
2017,10,Congratulations,Post Malone featuring Quavo
2017,11,Say You Won't Let Go,James Arthur
2017,12,I'm the One,"DJ Khaled featuring Justin Bieber, Quavo, Chance the Rapper and Lil Wayne"
2017,13,XO Tour Llif3,Lil Uzi Vert
2017,14,Mask Off,Future
2017,15,Unforgettable,French Montana featuring Swae Lee
2017,16,24K Magic,Bruno Mars
2017,17,Stay,Zedd and Alessia Cara
2017,18,Wild Thoughts,DJ Khaled featuring Rihanna and Bryson Tiller
2017,19,Black Beatles,Rae Sremmurd featuring Gucci Mane
2017,20,Starboy,The Weeknd featuring Daft Punk
2017,21,Location,Khalid
2017,22,Attention,Charlie Puth
2017,23,There's Nothing Holdin' Me Back,Shawn Mendes
2017,24,Bodak Yellow,Cardi B
2017,25,Redbone,Childish Gambino
2017,26,I Don't Wanna Live Forever,Zayn and Taylor Swift
2017,27,It Ain't Me,Kygo and Selena Gomez
2017,28,iSpy,Kyle featuring Lil Yachty
2017,29,Issues,Julia Michaels
2017,30,Scars to Your Beautiful,Alessia Cara
2017,31,1-800-273-8255,Logic featuring Alessia Cara and Khalid
2017,32,Slow Hands,Niall Horan
2017,33,Love on the Brain,Rihanna
2017,34,I Feel It Coming,The Weeknd featuring Daft Punk
2017,35,Bounce Back,Big Sean
2017,36,Strip That Down,Liam Payne featuring Quavo
2017,37,Fake Love,Drake
2017,38,Don't Wanna Know,Maroon 5 featuring Kendrick Lamar
2017,39,Look What You Made Me Do,Taylor Swift
2017,40,Castle on the Hill,Ed Sheeran
2017,41,Bad Things,Machine Gun Kelly and Camila Cabello
2017,42,Paris,The Chainsmokers
2017,43,Side to Side,Ariana Grande featuring Nicki Minaj
2017,44,Rockabye,Clean Bandit featuring Sean Paul and Anne-Marie
2017,45,Feel It Still,Portugal. The Man
2017,46,Let Me Love You,DJ Snake featuring Justin Bieber
2017,47,Sorry Not Sorry,Demi Lovato
2017,48,Bank Account,21 Savage
2017,49,Can't Stop the Feeling!,Justin Timberlake
2017,50,Mi Gente,J Balvin and Willy William featuring Beyoncé
2017,51,Thunder,Imagine Dragons
2017,52,T-shirt,Migos
2017,53,Rake It Up,Yo Gotti featuring Nicki Minaj
2017,54,Mercy,Shawn Mendes
2017,55,Tunnel Vision,Kodak Black
2017,56,Rockstar,Post Malone featuring 21 Savage
2017,57,In Case You Didn't Know,Brett Young
2017,58,Heathens,Twenty One Pilots
2017,59,Now or Never,Halsey
2017,60,Caroline,Aminé
2017,61,Rolex,Ayo & Teo
2017,62,DNA,Kendrick Lamar
2017,63,Juju on That Beat (TZ Anthem),Zay Hilfigerrr & Zayion McCall
2017,64,Swang,Rae Sremmurd
2017,65,Passionfruit,Drake
2017,66,Loyalty,Kendrick Lamar featuring Rihanna
2017,67,Praying,Kesha
2017,68,Goosebumps,Travis Scott
2017,69,Cold,Maroon 5 featuring Future
2017,70,Broccoli,DRAM featuring Lil Yachty
2017,71,Slide,Calvin Harris featuring Frank Ocean and Migos
2017,72,What Ifs,Kane Brown featuring Lauren Alaina
2017,73,Chained to the Rhythm,Katy Perry featuring Skip Marley
2017,74,Feels,"Calvin Harris featuring Pharrell Williams, Katy Perry and Big Sean"
2017,75,All Time Low,Jon Bellion
2017,76,Hurricane,Luke Combs
2017,77,Too Good at Goodbyes,Sam Smith
2017,78,Young Dumb & Broke,Khalid
2017,79,Magnolia,Playboi Carti
2017,80,Love Galore,SZA featuring Travis Scott
2017,81,Drowning,A Boogie wit da Hoodie featuring Kodak Black
2017,82,Starving,Hailee Steinfeld and Grey featuring Zedd
2017,83,Both,Gucci Mane featuring Drake
2017,84,What About Us,P!nk
2017,85,Swalla,Jason Derulo featuring Nicki Minaj and Ty Dolla Sign
2017,86,Slippery,Migos featuring Gucci Mane
2017,87,Sign of the Times,Harry Styles
2017,88,Water Under the Bridge,Adele
2017,89,Malibu,Miley Cyrus
2017,90,Down,Marian Hill
2017,91,No Promises,Cheat Codes featuring Demi Lovato
2017,92,Treat You Better,Shawn Mendes
2017,93,I Get the Bag,Gucci Mane featuring Migos
2017,94,Small Town Boy,Dustin Lynch
2017,95,Everyday We Lit,YFN Lucci featuring PnB Rock
2017,96,Havana,Camila Cabello featuring Young Thug
2017,97,What Lovers Do,Maroon 5 featuring SZA
2017,98,Do Re Mi,Blackbear
2017,99,Look at Me!,XXXTentacion
2017,100,The Fighter,Keith Urban featuring Carrie Underwood
2018,1,God's Plan,Drake
2018,2,Perfect,Ed Sheeran
2018,3,Meant to Be,Bebe Rexha featuring Florida Georgia Line
2018,4,Havana,Camila Cabello featuring Young Thug
2018,5,Rockstar,Post Malone featuring 21 Savage
2018,6,Psycho,Post Malone featuring Ty Dolla Sign
2018,7,I Like It,"Cardi B, Bad Bunny and J Balvin"
2018,8,The Middle,"Zedd, Maren Morris and Grey"
2018,9,In My Feelings,Drake
2018,10,Girls Like You,Maroon 5 featuring Cardi B
2018,11,Nice for What,Drake
2018,12,Lucid Dreams,Juice Wrld
2018,13,Better Now,Post Malone
2018,14,Finesse,Bruno Mars featuring Cardi B
2018,15,Boo'd Up,Ella Mai
2018,16,New Rules,Dua Lipa
2018,17,Sad!,XXXTentacion
2018,18,Never Be the Same,Camila Cabello
2018,19,Love Lies,Khalid and Normani
2018,20,No Tears Left to Cry,Ariana Grande
2018,21,Mine,Bazzi
2018,22,Thunder,Imagine Dragons
2018,23,Look Alive,BlocBoy JB featuring Drake
2018,24,Delicate,Taylor Swift
2018,25,Yes Indeed,Lil Baby and Drake
2018,26,Friends,Marshmello and Anne-Marie
2018,27,Bad at Love,Halsey
2018,28,Taste,Tyga featuring Offset
2018,29,Let You Down,NF
2018,30,No Limit,G-Eazy featuring ASAP Rocky and Cardi B
2018,31,Fefe,6ix9ine featuring Nicki Minaj and Murda Beatz
2018,32,Tequila,Dan + Shay
2018,33,Feel It Still,Portugal. The Man
2018,34,MotorSport,"Migos, Nicki Minaj and Cardi B"
2018,35,I Like Me Better,Lauv
2018,36,Youngblood,5 Seconds of Summer
2018,37,Whatever It Takes,Imagine Dragons
2018,38,Ric Flair Drip,Offset and Metro Boomin
2018,39,I Fall Apart,Post Malone
2018,40,Pray for Me,The Weeknd and Kendrick Lamar
2018,41,Back to You,Selena Gomez
2018,42,Sicko Mode,Travis Scott
2018,43,Walk It Talk It,Migos featuring Drake
2018,44,Gucci Gang,Lil Pump
2018,45,Him & I,G-Eazy and Halsey
2018,46,In My Blood,Shawn Mendes
2018,47,All the Stars,Kendrick Lamar and SZA
2018,48,Stir Fry,Migos
2018,49,Too Good at Goodbyes,Sam Smith
2018,50,Love,Kendrick Lamar featuring Zacari
2018,51,This Is America,Childish Gambino
2018,52,Nonstop,Drake
2018,53,Heaven,Kane Brown
2018,54,Bodak Yellow,Cardi B
2018,55,Freaky Friday,Lil Dicky featuring Chris Brown
2018,56,Gummo,6ix9ine
2018,57,Plug Walk,Rich the Kid
2018,58,Wait,Maroon 5
2018,59,Be Careful,Cardi B
2018,60,Wolves,Selena Gomez and Marshmello
2018,61,Bartier Cardi,Cardi B featuring 21 Savage
2018,62,God Is a Woman,Ariana Grande
2018,63,Big Bank,"YG featuring 2 Chainz, Nicki Minaj and Big Sean"
2018,64,Sorry Not Sorry,Demi Lovato
2018,65,How Long,Charlie Puth
2018,66,Lights Down Low,Max featuring Gnash
2018,67,Young Dumb & Broke,Khalid
2018,68,One Kiss,Calvin Harris and Dua Lipa
2018,69,Natural,Imagine Dragons
2018,70,You Make It Easy,Jason Aldean
2018,71,Shape of You,Ed Sheeran
2018,72,I Get the Bag,Gucci Mane featuring Migos
2018,73,No Brainer,"DJ Khaled featuring Justin Bieber, Chance the Rapper and Quavo"
2018,74,Plain Jane,ASAP Ferg featuring Nicki Minaj
2018,75,Sky Walker,Miguel featuring Travis Scott
2018,76,Marry Me,Thomas Rhett
2018,77,Eastside,"Benny Blanco, Halsey and Khalid"
2018,78,Call Out My Name,The Weeknd
2018,79,King's Dead,"Jay Rock, Kendrick Lamar, Future and James Blake"
2018,80,Happier,Marshmello and Bastille
2018,81,Te Boté,"Nio García, Darell and Casper Mágico featuring Bad Bunny, Nicky Jam and Ozuna"
2018,82,Simple,Florida Georgia Line
2018,83,Lemon,N.E.R.D and Rihanna
2018,84,1-800-273-8255,Logic featuring Alessia Cara and Khalid
2018,85,Say Something,Justin Timberlake featuring Chris Stapleton
2018,86,I'm Upset,Drake
2018,87,Get Along,Kenny Chesney
2018,88,Moonlight,XXXTentacion
2018,89,What Lovers Do,Maroon 5 featuring SZA
2018,90,X,Nicky Jam and J Balvin
2018,91,Outside Today,YoungBoy Never Broke Again
2018,92,Trip,Ella Mai
2018,93,Dura,Daddy Yankee
2018,94,Changes,XXXTentacion
2018,95,Mercy,Brett Young
2018,96,One Number Away,Luke Combs
2018,97,Powerglide,Rae Sremmurd featuring Juicy J
2018,98,IDGAF,Dua Lipa
2018,99,Mi Gente,J Balvin and Willy William featuring Beyoncé
2018,100,Believer,Imagine Dragons
2019,1,Old Town Road,Lil Nas X featuring Billy Ray Cyrus
2019,2,Sunflower,Post Malone and Swae Lee
2019,3,Without Me,Halsey
2019,4,Bad Guy,Billie Eilish
2019,5,Wow,Post Malone
2019,6,Happier,Marshmello and Bastille
2019,7,7 Rings,Ariana Grande
2019,8,Talk,Khalid
2019,9,Sicko Mode,Travis Scott
2019,10,Sucker,Jonas Brothers
2019,11,High Hopes,Panic! at the Disco
2019,12,"Thank U, Next",Ariana Grande
2019,13,Truth Hurts,Lizzo
2019,14,Dancing with a Stranger,Sam Smith and Normani
2019,15,Señorita,Shawn Mendes and Camila Cabello
2019,16,I Don't Care,Ed Sheeran and Justin Bieber
2019,17,Eastside,"Benny Blanco, Halsey and Khalid"
2019,18,Going Bad,Meek Mill featuring Drake
2019,19,Shallow,Lady Gaga and Bradley Cooper
2019,20,Better,Khalid
2019,21,No Guidance,Chris Brown featuring Drake
2019,22,Girls Like You,Maroon 5 featuring Cardi B
2019,23,Sweet but Psycho,Ava Max
2019,24,Suge,DaBaby
2019,25,Middle Child,J. Cole
2019,26,Drip Too Hard,Lil Baby and Gunna
2019,27,Someone You Loved,Lewis Capaldi
2019,28,Ransom,Lil Tecca
2019,29,If I Can't Have You,Shawn Mendes
2019,30,Goodbyes,Post Malone featuring Young Thug
2019,31,Zeze,Kodak Black featuring Travis Scott and Offset
2019,32,Better Now,Post Malone
2019,33,Youngblood,5 Seconds of Summer
2019,34,Money in the Grave,Drake featuring Rick Ross
2019,35,Speechless,Dan + Shay
2019,36,"Break Up with Your Girlfriend, I'm Bored",Ariana Grande
2019,37,Please Me,Cardi B and Bruno Mars
2019,38,Money,Cardi B
2019,39,You Need to Calm Down,Taylor Swift
2019,40,Panini,Lil Nas X
2019,41,Look Back at It,A Boogie wit da Hoodie
2019,42,A Lot,21 Savage
2019,43,Me!,Taylor Swift featuring Brendon Urie
2019,44,Mia,Bad Bunny featuring Drake
2019,45,Pop Out,Polo G featuring Lil Tjay
2019,46,Beautiful Crazy,Luke Combs
2019,47,Thotiana,Blueface
2019,48,Lucid Dreams,Juice Wrld
2019,49,Mo Bamba,Sheck Wes
2019,50,Beautiful People,Ed Sheeran featuring Khalid
2019,51,Wake Up in the Sky,"Gucci Mane, Bruno Mars and Kodak Black"
2019,52,Whiskey Glasses,Morgan Wallen
2019,53,God's Country,Blake Shelton
2019,54,Be Alright,Dean Lewis
2019,55,Pure Water,Mustard and Migos
2019,56,The Git Up,Blanco Brown
2019,57,Taki Taki,"DJ Snake featuring Selena Gomez, Ozuna and Cardi B"
2019,58,Close to Me,Ellie Goulding and Diplo featuring Swae Lee
2019,59,Envy Me,Calboy
2019,60,You Say,Lauren Daigle
2019,61,"Hey Look Ma, I Made It",Panic! at the Disco
2019,62,Circles,Post Malone
2019,63,Beer Never Broke My Heart,Luke Combs
2019,64,The London,"Young Thug, J. Cole and Travis Scott"
2019,65,Con Calma,Daddy Yankee and Katy Perry featuring Snow
2019,66,Murder on My Mind,YNW Melly
2019,67,When the Party's Over,Billie Eilish
2019,68,Act Up,City Girls
2019,69,I Like It,"Cardi B, Bad Bunny and J Balvin"
2019,70,Trampoline,Shaed
2019,71,Leave Me Alone,Flipp Dinero
2019,72,Breathin,Ariana Grande
2019,73,Bury a Friend,Billie Eilish
2019,74,Close Friends,Lil Baby
2019,75,Baby Shark,Pinkfong
2019,76,My Type,Saweetie
2019,77,Worth It,YK Osiris
2019,78,Only Human,Jonas Brothers
2019,79,Knockin' Boots,Luke Bryan
2019,80,Trip,Ella Mai
2019,81,Rumor,Lee Brice
2019,82,Swervin,A Boogie wit da Hoodie featuring 6ix9ine
2019,83,How Do You Sleep?,Sam Smith
2019,84,Baby,Lil Baby and DaBaby
2019,85,Look What God Gave Her,Thomas Rhett
2019,86,Good as You,Kane Brown
2019,87,Clout,Offset featuring Cardi B
2019,88,Love Lies,Khalid and Normani
2019,89,One Thing Right,Marshmello and Kane Brown
2019,90,Cash Shit,Megan Thee Stallion featuring DaBaby
2019,91,Tequila,Dan + Shay
2019,92,Shotta Flow,NLE Choppa
2019,93,Hot Girl Summer,Megan Thee Stallion featuring Nicki Minaj and Ty Dolla Sign
2019,94,Talk You Out of It,Florida Georgia Line
2019,95,Beautiful,Bazzi featuring Camila Cabello
2019,96,Eyes on You,Chase Rice
2019,97,All to Myself,Dan + Shay
2019,98,Boyfriend,Ariana Grande and Social House
2019,99,Walk Me Home,Pink
2019,100,Robbery,Juice Wrld
2020,1,Blinding Lights,The Weeknd
2020,2,Circles,Post Malone
2020,3,The Box,Roddy Ricch
2020,4,Don't Start Now,Dua Lipa
2020,5,Rockstar,DaBaby featuring Roddy Ricch
2020,6,Adore You,Harry Styles
2020,7,Life Is Good,Future featuring Drake
2020,8,Memories,Maroon 5
2020,9,The Bones,Maren Morris
2020,10,Someone You Loved,Lewis Capaldi
2020,11,Say So,Doja Cat
2020,12,I Hope,Gabby Barrett featuring Charlie Puth
2020,13,Whats Poppin,"Jack Harlow featuring DaBaby, Tory Lanez and Lil Wayne"
2020,14,Dance Monkey,Tones and I
2020,15,Savage,Megan Thee Stallion featuring Beyoncé
2020,16,Roxanne,Arizona Zervas
2020,17,Intentions,Justin Bieber featuring Quavo
2020,18,Everything I Wanted,Billie Eilish
2020,19,Roses (Imanbek remix),Saint Jhn
2020,20,Watermelon Sugar,Harry Styles
2020,21,Before You Go,Lewis Capaldi
2020,22,Falling,Trevor Daniel
2020,23,"10,000 Hours",Dan + Shay and Justin Bieber
2020,24,WAP,Cardi B featuring Megan Thee Stallion
2020,25,Ballin',Mustard and Roddy Ricch
2020,26,Hot Girl Bummer,Blackbear
2020,27,Blueberry Faygo,Lil Mosey
2020,28,Heartless,The Weeknd
2020,29,Bop,DaBaby
2020,30,Lose You to Love Me,Selena Gomez
2020,31,Good as Hell,Lizzo
2020,32,Toosie Slide,Drake
2020,33,Break My Heart,Dua Lipa
2020,34,Chasin' You,Morgan Wallen
2020,35,Savage Love (Laxed – Siren Beat),Jawsh 685 and Jason Derulo
2020,36,No Guidance,Chris Brown featuring Drake
2020,37,My Oh My,Camila Cabello featuring DaBaby
2020,38,Dynamite,BTS
2020,39,Go Crazy,Chris Brown and Young Thug
2020,40,High Fashion,Roddy Ricch featuring Mustard
2020,41,Laugh Now Cry Later,Drake featuring Lil Durk
2020,42,Woah,Lil Baby
2020,43,Death Bed,Powfu featuring Beabadoobee
2020,44,Señorita,Shawn Mendes and Camila Cabello
2020,45,Highest in the Room,Travis Scott
2020,46,Bad Guy,Billie Eilish
2020,47,Mood,24kGoldn featuring Iann Dior
2020,48,Rain on Me,Lady Gaga and Ariana Grande
2020,49,For the Night,Pop Smoke featuring Lil Baby and DaBaby
2020,50,Ritmo (Bad Boys for Life),Black Eyed Peas and J Balvin
2020,51,Heart on Ice,Rod Wave
2020,52,Nobody but You,Blake Shelton and Gwen Stefani
2020,53,Trampoline,Shaed
2020,54,Come & Go,Juice Wrld and Marshmello
2020,55,Truth Hurts,Lizzo
2020,56,If the World Was Ending,JP Saxe featuring Julia Michaels
2020,57,We Paid,Lil Baby and 42 Dugg
2020,58,Yummy,Justin Bieber
2020,59,One Man Band,Old Dominion
2020,60,Got What I Got,Jason Aldean
2020,61,Sunday Best,Surfaces
2020,62,Godzilla,Eminem featuring Juice Wrld
2020,63,Bandit,Juice Wrld and YoungBoy Never Broke Again
2020,64,Party Girl,StaySolidRocky
2020,65,Die from a Broken Heart,Maddie & Tae
2020,66,Popstar,DJ Khaled featuring Drake
2020,67,All I Want for Christmas Is You,Mariah Carey
2020,68,One of Them Girls,Lee Brice
2020,69,Hard to Forget,Sam Hunt
2020,70,One Margarita,Luke Bryan
2020,71,Panini,Lil Nas X
2020,72,Hot,Young Thug featuring Gunna
2020,73,I Hope You're Happy Now,Carly Pearce and Lee Brice
2020,74,Emotionally Scarred,Lil Baby
2020,75,Suicidal,YNW Melly featuring Juice Wrld
2020,76,The Bigger Picture,Lil Baby
2020,77,Only Human,Jonas Brothers
2020,78,The Woo,Pop Smoke featuring 50 Cent and Roddy Ricch
2020,79,Sum 2 Prove,Lil Baby
2020,80,Stuck with U,Ariana Grande and Justin Bieber
2020,81,Mood Swings,Pop Smoke featuring Lil Tjay
2020,82,You Should Be Sad,Halsey
2020,83,Dior,Pop Smoke
2020,84,Supalonely,Benee featuring Gus Dapperton
2020,85,Even Though I'm Leaving,Luke Combs
2020,86,The Scotts,The Scotts (Travis Scott and Kid Cudi)
2020,87,Juicy,Doja Cat and Tyga
2020,88,Be Like That,"Kane Brown, Swae Lee and Khalid"
2020,89,Homesick,Kane Brown
2020,90,Rags2Riches,Rod Wave featuring ATR Son Son
2020,91,Bluebird,Miranda Lambert
2020,92,Wishing Well,Juice Wrld
2020,93,Does to Me,Luke Combs featuring Eric Church
2020,94,Pussy Fairy (OTW),Jhené Aiko
2020,95,ILY (I Love You Baby),Surf Mesa featuring Emilee
2020,96,More Than My Hometown,Morgan Wallen
2020,97,Lovin' on You,Luke Combs
2020,98,Said Sum,Moneybagg Yo
2020,99,Slide,H.E.R. featuring YG
2020,100,Walk Em Down,NLE Choppa featuring Roddy Ricch
2021,1,Levitating,Dua Lipa
2021,2,Save Your Tears,The Weeknd and Ariana Grande
2021,3,Blinding Lights,The Weeknd
2021,4,Mood,24kGoldn featuring Iann Dior
2021,5,Good 4 U,Olivia Rodrigo
2021,6,Kiss Me More,Doja Cat featuring SZA
2021,7,Leave the Door Open,Silk Sonic (Bruno Mars and Anderson .Paak)
2021,8,Drivers License,Olivia Rodrigo
2021,9,Montero (Call Me by Your Name),Lil Nas X
2021,10,Peaches,Justin Bieber featuring Daniel Caesar and Giveon
2021,11,Butter,BTS
2021,12,Stay,The Kid Laroi and Justin Bieber
2021,13,Deja Vu,Olivia Rodrigo
2021,14,Positions,Ariana Grande
2021,15,Bad Habits,Ed Sheeran
2021,16,Heat Waves,Glass Animals
2021,17,Without You,The Kid Laroi
2021,18,Forever After All,Luke Combs
2021,19,Go Crazy,Chris Brown and Young Thug
2021,20,Astronaut in the Ocean,Masked Wolf
2021,21,34+35,Ariana Grande featuring Doja Cat and Megan Thee Stallion
2021,22,What You Know Bout Love,Pop Smoke
2021,23,My Ex's Best Friend,Machine Gun Kelly featuring Blackbear
2021,24,Industry Baby,Lil Nas X and Jack Harlow
2021,25,Therefore I Am,Billie Eilish
2021,26,Up,Cardi B
2021,27,Fancy Like,Walker Hayes
2021,28,Dakiti,Bad Bunny and Jhay Cortez
2021,29,Best Friend,Saweetie featuring Doja Cat
2021,30,Rapstar,Polo G
2021,31,Heartbreak Anniversary,Giveon
2021,32,For the Night,Pop Smoke featuring Lil Baby and DaBaby
2021,33,Calling My Phone,Lil Tjay and 6lack
2021,34,Beautiful Mistakes,Maroon 5 featuring Megan Thee Stallion
2021,35,Holy,Justin Bieber featuring Chance the Rapper
2021,36,On Me,Lil Baby
2021,37,You Broke Me First,Tate McRae
2021,38,Traitor,Olivia Rodrigo
2021,39,Back in Blood,Pooh Shiesty featuring Lil Durk
2021,40,I Hope,Gabby Barrett featuring Charlie Puth
2021,41,Dynamite,BTS
2021,42,Wockesha,Moneybagg Yo
2021,43,You Right,Doja Cat and the Weeknd
2021,44,Beat Box 2 / Beat Box 3,SpotemGottem featuring Pooh Shiesty / SpotemGottem featuring DaBaby
2021,45,Laugh Now Cry Later,Drake featuring Lil Durk
2021,46,Need to Know,Doja Cat
2021,47,Wants and Needs,Drake featuring Lil Baby
2021,48,Way 2 Sexy,Drake featuring Future and Young Thug
2021,49,Telepatía,Kali Uchis
2021,50,Whoopty,CJ
2021,51,Lemonade,Internet Money and Gunna featuring Don Toliver and Nav
2021,52,Good Days,SZA
2021,53,Starting Over,Chris Stapleton
2021,54,Body,Megan Thee Stallion
2021,55,Willow,Taylor Swift
2021,56,Bang!,AJR
2021,57,Better Together,Luke Combs
2021,58,You're Mines Still,Yung Bleu featuring Drake
2021,59,Every Chance I Get,DJ Khaled featuring Lil Baby and Lil Durk
2021,60,Essence,Wizkid featuring Justin Bieber and Tems
2021,61,Chasing After You,Ryan Hurd and Maren Morris
2021,62,The Good Ones,Gabby Barrett
2021,63,Leave Before You Love Me,Marshmello and Jonas Brothers
2021,64,Glad You Exist,Dan + Shay
2021,65,Lonely,Justin Bieber and Benny Blanco
2021,66,Beggin',Måneskin
2021,67,Streets,Doja Cat
2021,68,What's Next,Drake
2021,69,Famous Friends,Chris Young and Kane Brown
2021,70,Lil Bit,Nelly and Florida Georgia Line
2021,71,Thot Shit,Megan Thee Stallion
2021,72,Late at Night,Roddy Ricch
2021,73,Kings & Queens,Ava Max
2021,74,Anyone,Justin Bieber
2021,75,Track Star,Mooski
2021,76,Time Today,Moneybagg Yo
2021,77,Cry Baby,Megan Thee Stallion featuring DaBaby
2021,78,All I Want for Christmas Is You,Mariah Carey
2021,79,No More Parties,Coi Leray featuring Lil Durk
2021,80,What's Your Country Song,Thomas Rhett
2021,81,One Too Many,Keith Urban and Pink
2021,82,Arcade,Duncan Laurence
2021,83,Yonaguni,Bad Bunny
2021,84,Good Time,Niko Moon
2021,85,If I Didn't Love You,Jason Aldean and Carrie Underwood
2021,86,Knife Talk,Drake featuring 21 Savage and Project Pat
2021,87,POV,Ariana Grande
2021,88,Just the Way,Parmalee and Blanco Brown
2021,89,Take My Breath,The Weeknd
2021,90,We're Good,Dua Lipa
2021,91,Hell of a View,Eric Church
2021,92,Rockin' Around the Christmas Tree,Brenda Lee
2021,93,Put Your Records On,Ritt Momney
2021,94,Happier Than Ever,Billie Eilish
2021,95,Single Saturday Night,Cole Swindell
2021,96,Things a Man Oughta Know,Lainey Wilson
2021,97,Throat Baby (Go Baby),BRS Kash
2021,98,Tombstone,Rod Wave
2021,99,Drinkin' Beer. Talkin' God. Amen.,Chase Rice featuring Florida Georgia Line
2021,100,Todo de Ti,Rauw Alejandro
2022,1,Heat Waves,Glass Animals
2022,2,As It Was,Harry Styles
2022,3,Stay,The Kid Laroi and Justin Bieber
2022,4,Easy on Me,Adele
2022,5,Shivers,Ed Sheeran
2022,6,First Class,Jack Harlow
2022,7,Big Energy,Latto
2022,8,Ghost,Justin Bieber
2022,9,Super Gremlin,Kodak Black
2022,10,Cold Heart (Pnau Remix),Elton John and Dua Lipa
2022,11,Wait for U,Future featuring Drake and Tems
2022,12,About Damn Time,Lizzo
2022,13,Bad Habits,Ed Sheeran
2022,14,Thats What I Want,Lil Nas X
2022,15,Enemy,Imagine Dragons and JID
2022,16,Industry Baby,Lil Nas X and Jack Harlow
2022,17,ABCDEFU,Gayle
2022,18,Need to Know,Doja Cat
2022,19,Wasted on You,Morgan Wallen
2022,20,Me Porto Bonito,Bad Bunny and Chencho Corleone
2022,21,Woman,Doja Cat
2022,22,Tití Me Preguntó,Bad Bunny
2022,23,Running Up That Hill (A Deal with God),Kate Bush
2022,24,We Don't Talk About Bruno,"Carolina Gaitán, Mauro Castillo, Adassa, Rhenzy Feliz, Diane Guerrero, Stephanie Beatriz and the Encanto cast"
2022,25,Late Night Talking,Harry Styles
2022,26,I Like You (A Happier Song),Post Malone featuring Doja Cat
2022,27,You Proof,Morgan Wallen
2022,28,Bad Habit,Steve Lacy
2022,29,Sunroof,Nicky Youre and Dazy
2022,30,One Right Now,Post Malone and the Weeknd
2022,31,Good 4 U,Olivia Rodrigo
2022,32,Numb Little Bug,Em Beihold
2022,33,Jimmy Cooks,Drake featuring 21 Savage
2022,34,'Til You Can't,Cody Johnson
2022,35,Fancy Like,Walker Hayes
2022,36,The Kind of Love We Make,Luke Combs
2022,37,I Ain't Worried,OneRepublic
2022,38,Break My Soul,Beyoncé
2022,39,Something in the Orange,Zach Bryan
2022,40,Save Your Tears,The Weeknd and Ariana Grande
2022,41,Smokin out the Window,Silk Sonic (Bruno Mars and Anderson .Paak)
2022,42,Levitating,Dua Lipa
2022,43,In a Minute,Lil Baby
2022,44,Moscow Mule,Bad Bunny
2022,45,You Right,Doja Cat and the Weeknd
2022,46,She Had Me at Heads Carolina,Cole Swindell
2022,47,Vegas,Doja Cat
2022,48,Pushin P,Gunna and Future featuring Young Thug
2022,49,Buy Dirt,Jordan Davis and Luke Bryan
2022,50,I Hate U,SZA
2022,51,Boyfriend,Dove Cameron
2022,52,Glimpse of Us,Joji
2022,53,Surface Pressure,Jessica Darrow
2022,54,Fall in Love,Bailey Zimmerman
2022,55,Love Nwantiti (Ah Ah Ah),CKay
2022,56,Super Freaky Girl,Nicki Minaj
2022,57,Hrs and Hrs,Muni Long
2022,58,Sand in My Boots,Morgan Wallen
2022,59,Mamiii,Becky G and Karol G
2022,60,Knife Talk,Drake featuring 21 Savage and Project Pat
2022,61,AA,Walker Hayes
2022,62,Sweetest Pie,Megan Thee Stallion and Dua Lipa
2022,63,Provenza,Karol G
2022,64,Essence,Wizkid featuring Justin Bieber and Tems
2022,65,All I Want for Christmas Is You,Mariah Carey
2022,66,Bam Bam,Camila Cabello featuring Ed Sheeran
2022,67,5 Foot 9,Tyler Hubbard
2022,68,Get Into It (Yuh),Doja Cat
2022,69,Efecto,Bad Bunny
2022,70,Rock and a Hard Place,Bailey Zimmerman
2022,71,Doin' This,Luke Combs
2022,72,Oh My God,Adele
2022,73,Better Days,"Neiked, Mae Muller and Polo G"
2022,74,Meet Me at Our Spot,The Anxiety: Willow and Tyler Cole
2022,75,Fingers Crossed,Lauren Spencer-Smith
2022,76,All Too Well (Taylor's Version),Taylor Swift
2022,77,Party,Bad Bunny and Rauw Alejandro
2022,78,Después de la Playa,Bad Bunny
2022,79,You Should Probably Leave,Chris Stapleton
2022,80,Rockin' Around the Christmas Tree,Brenda Lee
2022,81,Broadway Girls,Lil Durk featuring Morgan Wallen
2022,82,Take My Name,Parmalee
2022,83,What Happened to Virgil,Lil Durk featuring Gunna
2022,84,Puffin on Zootiez,Future
2022,85,Like I Love Country Music,Kane Brown
2022,86,Jingle Bell Rock,Bobby Helms
2022,87,Ojitos Lindos,Bad Bunny and Bomba Estéreo
2022,88,Trouble with a Heartbreak,Jason Aldean
2022,89,A Holly Jolly Christmas,Burl Ives
2022,90,Kiss Me More,Doja Cat featuring SZA
2022,91,She Likes It,Russell Dickerson featuring Jake Scott
2022,92,Never Say Never,Cole Swindell and Lainey Wilson
2022,93,Damn Strait,Scotty McCreery
2022,94,She's All I Wanna Be,Tate McRae
2022,95,Last Night Lonely,Jon Pardi
2022,96,Flower Shops,Ernest featuring Morgan Wallen
2022,97,To the Moon,Jnr Choi and Sam Tompkins
2022,98,Unholy,Sam Smith and Kim Petras
2022,99,One Mississippi,Kane Brown
2022,100,Circles Around This Town,Maren Morris
2023,1,Last Night,Morgan Wallen
2023,2,Flowers,Miley Cyrus
2023,3,Kill Bill,SZA
2023,4,Anti-Hero,Taylor Swift
2023,5,Creepin',"Metro Boomin, the Weeknd and 21 Savage"
2023,6,Calm Down,Rema and Selena Gomez
2023,7,Die for You,The Weeknd and Ariana Grande
2023,8,Fast Car,Luke Combs
2023,9,Snooze,SZA
2023,10,I'm Good (Blue),David Guetta and Bebe Rexha
2023,11,Unholy,Sam Smith and Kim Petras
2023,12,You Proof,Morgan Wallen
2023,13,Something in the Orange,Zach Bryan
2023,14,Rich Flex,Drake and 21 Savage
2023,15,As It Was,Harry Styles
2023,16,Rock and a Hard Place,Bailey Zimmerman
2023,17,Under the Influence,Chris Brown
2023,18,Cruel Summer,Taylor Swift
2023,19,Thinkin' Bout Me,Morgan Wallen
2023,20,Boy's a Liar Pt. 2,PinkPantheress and Ice Spice
2023,21,Favorite Song,Toosii
2023,22,Thought You Should Know,Morgan Wallen
2023,23,Thank God,Kane Brown and Katelyn Brown
2023,24,Sure Thing,Miguel
2023,25,All My Life,Lil Durk featuring J. Cole
2023,26,Ella Baila Sola,Eslabon Armado and Peso Pluma
2023,27,Karma,Taylor Swift featuring Ice Spice
2023,28,Just Wanna Rock,Lil Uzi Vert
2023,29,Cuff It,Beyoncé
2023,30,Vampire,Olivia Rodrigo
2023,31,FukUMean,Gunna
2023,32,Lavender Haze,Taylor Swift
2023,33,Players,Coi Leray
2023,34,Need a Favor,Jelly Roll
2023,35,Dance the Night,Dua Lipa
2023,36,Love You Anyway,Luke Combs
2023,37,One Thing at a Time,Morgan Wallen
2023,38,Superhero (Heroes & Villains),"Metro Boomin, Future and Chris Brown"
2023,39,Bad Habit,Steve Lacy
2023,40,La Bebé,Yng Lvcas and Peso Pluma
2023,41,Golden Hour,Jvke
2023,42,Religiously,Bailey Zimmerman
2023,43,Spin Bout U,Drake and 21 Savage
2023,44,Cupid,Fifty Fifty
2023,45,Search & Rescue,Drake
2023,46,Barbie World,Nicki Minaj and Ice Spice with Aqua
2023,47,Next Thing You Know,Jordan Davis
2023,48,Escapism,Raye featuring 070 Shake
2023,49,Un x100to,Grupo Frontera and Bad Bunny
2023,50,Until I Found You,Stephen Sanchez
2023,51,Shirt,SZA
2023,52,Paint the Town Red,Doja Cat
2023,53,Made You Look,Meghan Trainor
2023,54,Wait in the Truck,Hardy featuring Lainey Wilson
2023,55,All I Want for Christmas Is You,Mariah Carey
2023,56,Everything I Love,Morgan Wallen
2023,57,Chemical,Post Malone
2023,58,Heart Like a Truck,Lainey Wilson
2023,59,"Going, Going, Gone",Luke Combs
2023,60,Rockin' Around the Christmas Tree,Brenda Lee
2023,61,Dancin' in the Country,Tyler Hubbard
2023,62,Daylight,David Kushner
2023,63,Lift Me Up,Rihanna
2023,64,Eyes Closed,Ed Sheeran
2023,65,TQG,Karol G and Shakira
2023,66,Try That in a Small Town,Jason Aldean
2023,67,Tennessee Orange,Megan Moroney
2023,68,Jingle Bell Rock,Bobby Helms
2023,69,Princess Diana,Ice Spice and Nicki Minaj
2023,70,Tomorrow 2,GloRilla and Cardi B
2023,71,A Holly Jolly Christmas,Burl Ives
2023,72,Where She Goes,Bad Bunny
2023,73,Bebe Dame,Fuerza Regida and Grupo Frontera
2023,74,I Remember Everything,Zach Bryan featuring Kacey Musgraves
2023,75,I Like You (A Happier Song),Post Malone featuring Doja Cat
2023,76,What It Is (Block Boy),Doechii featuring Kodak Black
2023,77,Nobody Gets Me,SZA
2023,78,Rich Men North of Richmond,Oliver Anthony Music
2023,79,Super Freaky Girl,Nicki Minaj
2023,80,Dial Drunk,Noah Kahan and Post Malone
2023,81,What Was I Made For?,Billie Eilish
2023,82,Seven,Jungkook featuring Latto
2023,83,Wait for U,Future featuring Drake and Tems
2023,84,Last Christmas,Wham!
2023,85,Handle on You,Parker McCollum
2023,86,Por Las Noches,Peso Pluma
2023,87,Memory Lane,Old Dominion
2023,88,Area Codes,Kaliii
2023,89,Bury Me in Georgia,Kane Brown
2023,90,PRC,Peso Pluma and Natanael Cano
2023,91,What My World Spins Around,Jordan Davis
2023,92,Ain't That Some,Morgan Wallen
2023,93,Wild as Her,Corey Kent
2023,94,Peaches & Eggplants,Young Nudy featuring 21 Savage
2023,95,I Wrote the Book,Morgan Wallen
2023,96,"Bzrp Music Sessions, Vol. 53",Bizarrap and Shakira
2023,97,Meltdown,Travis Scott featuring Drake
2023,98,Put It on da Floor Again,Latto featuring Cardi B
2023,99,Bloody Mary,Lady Gaga
2023,100,Watermelon Moonshine,Lainey Wilson
2024,1,Lose Control,Teddy Swims
2024,2,A Bar Song (Tipsy),Shaboozey
2024,3,Beautiful Things,Benson Boone
2024,4,I Had Some Help,Post Malone featuring Morgan Wallen
2024,5,Lovin on Me,Jack Harlow
2024,6,Not Like Us,Kendrick Lamar
2024,7,Espresso,Sabrina Carpenter
2024,8,Million Dollar Baby,Tommy Richman
2024,9,I Remember Everything,Zach Bryan featuring Kacey Musgraves
2024,10,Too Sweet,Hozier
2024,11,Stick Season,Noah Kahan
2024,12,Cruel Summer,Taylor Swift
2024,13,Greedy,Tate McRae
2024,14,Like That,"Future, Metro Boomin and Kendrick Lamar"
2024,15,Birds of a Feather,Billie Eilish
2024,16,Please Please Please,Sabrina Carpenter
2024,17,Agora Hills,Doja Cat
2024,18,"Good Luck, Babe!",Chappell Roan
2024,19,Saturn,SZA
2024,21,Paint the Town Red,Doja Cat
2024,22,Fortnight,Taylor Swift featuring Post Malone
2024,23,Fast Car,Luke Combs
2024,24,Water,Tyla
2024,25,Feather,Sabrina Carpenter
2024,26,We Can't Be Friends (Wait for Your Love),Ariana Grande
2024,27,Austin,Dasha
2024,28,Last Night,Morgan Wallen
2024,29,Cowgirls,Morgan Wallen featuring Ernest
2024,30,Pink Skies,Zach Bryan
2024,31,Thinkin' Bout Me,Morgan Wallen
2024,32,Texas Hold 'Em,Beyoncé
2024,33,Is It Over Now?,Taylor Swift
2024,34,Miles on It,Marshmello and Kane Brown
2024,35,I Can Do It with a Broken Heart,Taylor Swift
2024,36,Wild Ones,Jessie Murph and Jelly Roll
2024,37,Ain't No Love in Oklahoma,Luke Combs
2024,38,Carnival,¥$ (Kanye West and Ty Dolla Sign) featuring Rich the Kid and Playboi Carti
2024,39,Houdini,Eminem
2024,40,Wanna Be,GloRilla and Megan Thee Stallion
2024,41,Slow It Down,Benson Boone
2024,42,Redrum,21 Savage
2024,43,Houdini,Dua Lipa
2024,44,Yeah Glo!,GloRilla
2024,45,Rich Baby Daddy,Drake featuring Sexyy Red and SZA
2024,46,What Was I Made For?,Billie Eilish
2024,47,End of Beginning,Djo
2024,48,Lunch,Billie Eilish
2024,49,Never Lose Me,Flo Milli
2024,50,Lies Lies Lies,Morgan Wallen
2024,51,Type Shit,"Future, Metro Boomin, Travis Scott, and Playboi Carti"
2024,52,Gata Only,FloyyMenor and Cris MJ
2024,53,Hot to Go!,Chappell Roan
2024,54,All I Want for Christmas Is You,Mariah Carey
2024,55,Get It Sexyy,Sexyy Red
2024,56,Made for Me,Muni Long
2024,57,Vampire,Olivia Rodrigo
2024,58,Whatever She Wants,Bryson Tiller
2024,59,Rockin' Around the Christmas Tree,Brenda Lee
2024,60,Pretty Little Poison,Warren Zeiders
2024,61,First Person Shooter,Drake featuring J. Cole
2024,62,Die with a Smile,Lady Gaga and Bruno Mars
2024,63,I Like the Way You Kiss Me,Artemas
2024,64,Need a Favor,Jelly Roll
2024,65,Save Me,Jelly Roll featuring Lainey Wilson
2024,66,Euphoria,Kendrick Lamar
2024,67,Truck Bed,Hardy
2024,68,Jingle Bell Rock,Bobby Helms
2024,69,Flowers,Miley Cyrus
2024,70,Where the Wild Things Are,Luke Combs
2024,71,Everybody,Nicki Minaj featuring Lil Uzi Vert
2024,72,La Diabla,Xavi
2024,73,Stargazing,Myles Smith
2024,74,Last Christmas,Wham!
2024,75,I Am Not Okay,Jelly Roll
2024,76,Pour Me a Drink,Post Malone featuring Blake Shelton
2024,77,White Horse,Chris Stapleton
2024,78,Lil Boo Thang,Paul Russell
2024,79,Good Good,"Usher, Summer Walker and 21 Savage"
2024,80,Act II: Date @ 8,4Batz and Drake
2024,81,High Road,Koe Wetzel featuring Jessie Murph
2024,82,Monaco,Bad Bunny
2024,83,IDGAF,Drake featuring Yeat
2024,84,Burn It Down,Parker McCollum
2024,85,FukUMean,Gunna
2024,86,Taste,Sabrina Carpenter
2024,87,Where It Ends,Bailey Zimmerman
2024,88,FTCU,Nicki Minaj
2024,89,Wildflower,Billie Eilish
2024,90,World on Fire,Nate Smith
2024,91,On My Mama,Victoria Monét
2024,92,"Yes, And?",Ariana Grande
2024,93,Exes,Tate McRae
2024,94,A Holly Jolly Christmas,Burl Ives
2024,95,Wind Up Missin' You,Tucker Wetmore
2024,96,Bulletproof,Nate Smith
2024,97,Fe!n,Travis Scott featuring Playboi Carti
2024,98,The Painter,Cody Johnson
2024,99,Down Bad,Taylor Swift
2024,100,Dance the Night,Dua Lipa
